100th_percentile_lower,100th_percentile_upper,10th_percentile_lower,10th_percentile_upper,1st_percentile_lower,1st_percentile_upper,20th_percentile_lower,20th_percentile_upper,30th_percentile_lower,30th_percentile_upper,40th_percentile_lower,40th_percentile_upper,50th_percentile_lower,50th_percentile_upper,60th_percentile_lower,60th_percentile_upper,70th_percentile_lower,70th_percentile_upper,80th_percentile_lower,80th_percentile_upper,90th_percentile_lower,90th_percentile_upper,dimension,hpd_max,hpd_min,mass_fraction,mean,median,mode,parameter
0.15135850432215175,1365.1103202321954,1.144810199231416,1.4487110957656228,1.2665313296066625,1.295358438437111,1.0068882684247442,1.6312379548845666,0.9053058675466319,1.870141249959737,0.8123359271196987,2.1641226487253262,0.7241197674845252,2.543153070587731,0.6385449982172618,3.0593444071434135,0.5511892123935198,3.832236094562125,0.4697981777439445,5.240603158864827,0.37568141168966623,9.075857624018862,1,9.096379312386398,0.17949701365518209,0.95,3.4543127847911284,1.280742888408844,0.7968242091736149,kon
0.1515319364000189,522.9040444272069,1.122512698271209,1.3991591497976934,1.235280757263636,1.266162535760095,1.0030826279360285,1.6102109668414941,0.9049407329007655,1.8592677898585914,0.8168439826098256,2.1108709740195106,0.728292083552625,2.4638935910460895,0.6368018938280373,3.008629543647592,0.5547266694172377,3.9057182937434978,0.4796129926077739,5.275756522583355,0.38170410110619535,7.850509636842019,2,7.890120865847558,0.1515319364000189,0.95,2.659261143215077,1.2498532546351322,1.1942701372586224,kon
0.17014700903670135,971.5506417005131,1.1131001999616559,1.4143011362940037,1.2197070667472014,1.248628411032843,1.0055929410398254,1.604062001039079,0.9000242381428106,1.8300552919075042,0.8026062799921818,2.1074923674863655,0.7168132123773612,2.4902976248378446,0.6346359368488342,3.016302906199224,0.5550677030737285,3.7606364414067226,0.46996110800239543,5.191285629207883,0.37802658686459556,8.200473180316562,3,8.208939939856371,0.17014700903670135,0.95,3.527370231117024,1.2376940326748858,4.037388342834213,kon
0.14164499897112123,184.11453272512443,1.1375963859072318,1.4159987702691517,1.2500081679601824,1.278340440132316,1.0123224509295414,1.6247728889401474,0.9042889910826618,1.8257223480159461,0.8149410620755649,2.0963981621611563,0.721587450620774,2.4580324775645432,0.6444864858502631,2.9012219232527543,0.566012559558588,3.6483465005633935,0.4902259290414434,5.241571981310342,0.3932485988760587,8.90322612605854,4,8.908834008465252,0.14164499897112123,0.95,2.760900187638501,1.2662339565677603,3.4573732165337767,kon
0.13625420339169061,816.9931231734413,1.1428667938928707,1.4515706428094588,1.2661190804094598,1.286063385521482,1.021390126652277,1.621480986696502,0.9180673793675641,1.8563029770410742,0.8167994893023997,2.1411397513208033,0.7381337557469563,2.5441143196320226,0.6487014085888345,3.040215322669753,0.5639149491145089,3.9096905135505753,0.480252186210227,5.545653584758468,0.3844192180643629,8.948598275071365,5,9.054034487532752,0.17300729753772953,0.95,3.1441768204986116,1.2752164051656985,0.45964539198785254,kon
0.1605204292243114,360.59979301740805,1.145294484508887,1.4251791773624851,1.2694115037770626,1.3049921868524783,1.0326622957018374,1.6032318122879183,0.9255327155861117,1.8187647709292847,0.829268420761877,2.116944688018547,0.7485224962126233,2.4707329540938825,0.6603646364747972,2.9411523405108473,0.5771308894059752,3.7103232896845384,0.49152469471570626,4.921316782557204,0.38952494355097056,8.269250123838729,6,8.272836998745785,0.1605204292243114,0.95,2.6557489443681583,1.2916358277496562,0.6201156294552641,kon
0.12485128322813027,371.10071266494,1.1285097299630107,1.429984455185688,1.2491095673444033,1.278554299685514,1.0178811896118467,1.6495302121390203,0.9041032418169319,1.8528787021717767,0.804112018534409,2.1393009915964147,0.719654829109627,2.530818073827016,0.6381570004945045,3.0063943485797977,0.5618647966586007,3.7844990244746057,0.4778242780184683,5.17302285280065,0.3753228225971746,9.17473365433702,7,9.238090666246084,0.12485128322813027,0.95,3.100685862332034,1.2659459439874294,0.49554412659813096,kon
0.10083114078522766,420.9413461357193,1.1225447899977312,1.4075788513001104,1.2452218370614019,1.2719546924171876,1.021218221988219,1.5935365921771554,0.9163223900118285,1.814574723053397,0.810850134886868,2.0867655492072936,0.7221928993354509,2.435829777565156,0.63966074467335,2.8843555219130272,0.5545125450913115,3.6067273944156963,0.47645326974817875,4.781280187896677,0.38955708579792053,8.477588413380406,8,8.530447640008335,0.17134599049010077,0.95,2.758817420395441,1.2560304815354213,1.5686562122294196,kon
0.15536300247726054,232.5007668904253,1.1234087429699402,1.4098858224740312,1.240187502177458,1.2703394148385858,1.0169342235604744,1.605809943697024,0.9161588585908935,1.8234154470041397,0.8226253286597048,2.1085150358495603,0.7275075986757158,2.5372139606184194,0.6400044252667267,3.0613948342698483,0.5631577014738778,3.666868973911212,0.4759529761610368,5.030213026054994,0.3876752132549123,8.914087114402768,9,8.919689429880398,0.15536300247726054,0.95,2.9273795456851612,1.2535619779416871,0.7594219570508653,kon
0.13717365009827753,185.16063440970052,1.160239043764734,1.4465839340035873,1.2857220320484275,1.3097802307011879,1.039900382762753,1.6571903221081494,0.9232490477525229,1.9026138845580773,0.8173252388462414,2.175988476250068,0.7144950080308548,2.579570079432257,0.6294051323983325,3.084954752358767,0.5512489754097801,3.88060949438257,0.4793198736749685,5.2921367930645244,0.3790714524254589,9.45738758692,10,9.464270754670657,0.13717365009827753,0.95,2.97523629304291,1.2985238107174182,0.41548538701244153,kon
0.1717495257927379,348.9101933549767,1.139181697215942,1.4408208738902686,1.2619473828154386,1.2919446331269153,1.0210248827952468,1.6317781209695876,0.9144003968451886,1.873571966721755,0.8066701856867713,2.1416697209648117,0.7103045982429133,2.526473615676368,0.6175221161298853,3.0284153840764847,0.54779912789791,3.776272015538452,0.4640246881178968,5.245239157664307,0.3743605429387736,8.50230023839249,11,8.534293755637243,0.1717495257927379,0.95,2.888472254716743,1.2794256981619956,1.1934214172874797,kon
0.16290485923524664,305.25876990911627,1.1205007476102964,1.3945470720678494,1.2302623524288558,1.2563782166643263,1.0084235487238393,1.562944587319414,0.914062107156075,1.7788432436965125,0.8178196421098608,2.0316991678311545,0.743190179453686,2.374036414154563,0.654261094888573,2.9101396081172433,0.5676511233067594,3.5638009774331874,0.48209805933863487,4.949563494940348,0.3824551720235736,8.415957411228696,12,8.517874987581177,0.16290485923524664,0.95,2.765459609884462,1.2419525481271858,0.804605334122374,kon
0.16343105857465653,168.1245433594267,1.1500445325054158,1.4481005986441031,1.272807000948457,1.3042525190219698,1.0189034979676816,1.6112563501401156,0.9080718636871186,1.8146858594715058,0.8119102926170566,2.0875215500775655,0.7229580997283336,2.410205809816356,0.6414623027306322,2.9144711272535524,0.5632827970251031,3.597513293037065,0.4766934744059185,4.967725802760371,0.37994832600179534,7.467847219150077,13,7.48417946214162,0.18321454702649656,0.95,2.4348269522246837,1.2872365538144817,1.0875120247912295,kon
0.12471000567987903,209.7554581904478,1.1470737334252865,1.4131787363867694,1.2609216791974207,1.2806552566611873,1.0313783025071568,1.6164777685295082,0.9288520564641952,1.8454985134143536,0.8384337394859636,2.1286239439582624,0.7408307229181811,2.5110062182580033,0.6508115351184027,3.0386294694667626,0.5693561028183287,3.9432588864192217,0.475416469119815,5.465390043250707,0.3823952987794156,9.023883508612077,14,9.027209773815173,0.12471000567987903,0.95,2.7538654751601364,1.2678131715965058,2.797502132141218,kon
0.12743545148347063,429.1413565693731,1.1384673174841502,1.4052336451020222,1.2511117951069577,1.2797590096080795,1.0198198379839747,1.5685188953230087,0.9217195251900756,1.7858992271956686,0.8285794977640997,2.0594420432872793,0.745150525400185,2.408857428852334,0.6608076005917553,2.836898184275798,0.5787409874914076,3.6208989520668693,0.49240301651585433,5.073006628304055,0.3950683896738828,7.905633899071652,15,7.982261008612004,0.19724988254133835,0.95,3.007741563056754,1.268249288365825,2.4584914087122054,kon
0.180426071943741,3050.3074527563367,1.131062384966453,1.4252165779404689,1.2577980638801425,1.2867830012616075,1.0149447002501166,1.5840261631233865,0.9042631638273306,1.776472506520976,0.816244661976222,2.0190654735639595,0.7379155426411246,2.3343470271172846,0.6467019352424307,2.7663379273322115,0.5690249255911938,3.495055509010092,0.48394428190713845,4.816262319853136,0.384728881103887,8.44261591890119,16,8.456100591474897,0.180426071943741,0.95,3.3973927549347644,1.2722788141766666,1.456983078616779,kon
0.1380167900920066,811.4552388990734,1.1431673233478128,1.4393744993644515,1.261572773422487,1.2906640223055459,1.0148774195448986,1.5998358220444584,0.9225963439050089,1.8214568630194683,0.8253859054586531,2.104023706868882,0.7388852076753666,2.4753054620835773,0.6544727259988714,3.058701242626492,0.5697246128895196,3.9030689189107934,0.4855097389380695,5.283275979271246,0.3940061684270854,8.682875120038592,17,8.694955422126524,0.1380167900920066,0.95,2.902383491037808,1.2752449161327397,1.1195866171705136,kon
0.13972719099817882,382.00912755497944,1.11849457661361,1.4190908069799142,1.2516811699939843,1.2811244746878563,0.9940843398378105,1.5868275859628844,0.9003427090082461,1.8053010094597548,0.802134909426314,2.054359943126819,0.722844147520827,2.3889266516994154,0.634533802834703,2.8955356021812646,0.559269076046815,3.674857894024851,0.4790671355616403,5.089625989106708,0.3880359140427818,9.196164277736099,18,9.240678392616694,0.13972719099817882,0.95,3.1129579500824773,1.2694561025259492,1.1221865867911274,kon
0.1547414054764505,231.0510468395523,1.1591224832037543,1.4615884715938579,1.290880203522294,1.3244173057113935,1.0432915783735772,1.6616900628961768,0.9387829527793956,1.9114080970106841,0.8180383904272582,2.2156181973914393,0.7334702843279025,2.5705003989438966,0.6479239055841327,3.0433538268393483,0.5682186554924985,3.8681561504277546,0.47410262657705426,5.433741548015147,0.37458402686489184,8.776410427349434,19,8.778002117733845,0.1547414054764505,0.95,2.7889912068969926,1.30922656241288,1.0113270484456467,kon
0.12017906487413643,1848.1841225456117,1.1370089348402597,1.4399838942146794,1.25870999445422,1.2893410135917733,1.0200691438525746,1.6380640436148854,0.9121814103418724,1.8941087122413436,0.8173760543160118,2.1883131050080302,0.7294244484798041,2.577700418017294,0.6512053205609145,3.1125051887123765,0.5611849887271038,3.8818783184039334,0.48025870249746905,5.244990011858921,0.3873002294919714,8.647165221461593,20,8.701050002191597,0.16217442297353543,0.95,4.4236621811602035,1.2709746968958724,7.062589606341411,kon
0.14355663758705425,611.8746614522773,1.1016841494280576,1.3792933825595477,1.208125592096847,1.23566611318727,0.9920656821321446,1.5641926571862892,0.8971160082066773,1.7932100799497621,0.8088657327359461,2.068500954130581,0.7214047645966677,2.460187063028608,0.6445762853752224,2.963214666622695,0.557644363419115,3.730521889440688,0.4661311671326417,5.157896073645501,0.3734740111987595,8.372506263597622,21,8.419086609084582,0.1899265411075457,0.95,2.9145069618399853,1.2239701594271946,0.9731968857156699,kon
0.12980603328120144,322.2098556832103,1.1605526369963672,1.4369287364919376,1.267899212074589,1.298075086092161,1.028411659081565,1.62058352618552,0.9277282964415132,1.8374674212041548,0.8295502979621714,2.139647100443306,0.7392963068294451,2.521034565329086,0.656570279159278,3.011855781371967,0.5741454003038212,3.757197520050518,0.4851044284527994,5.196290748172271,0.38696993897806914,8.275495208163653,22,8.342520322481862,0.12980603328120144,0.95,2.8182330925393027,1.2831010475898474,0.4812103323358922,kon
0.12977132196589783,153.95676616896768,1.1403683852650797,1.470816825494866,1.2801920690027544,1.3136116073907913,1.0046934669061678,1.6618379817815063,0.8874442969313072,1.896057954642717,0.7922441945854887,2.209157092997729,0.7094554792347902,2.5449972824503915,0.6303709161638797,3.109734837641715,0.5498917883152586,3.980875065205011,0.4661922340863442,5.515063824246169,0.3656738908464946,9.365819920292099,23,9.370455499601897,0.12977132196589783,0.95,2.8955573681884297,1.2968825476307404,0.6249697273063393,kon
0.15327048992189005,361.40971122413447,1.1597919442327926,1.4405964217515672,1.2784023767176338,1.3043118661802189,1.0383434723397393,1.6179029848471354,0.9313632856165144,1.8348109602799125,0.8426817265537263,2.1036154834194773,0.7415330146905633,2.402277919972407,0.661298834944929,2.888468617882066,0.5832114635173787,3.6273004195517315,0.48670947828169336,4.852199575544109,0.38254822781001957,7.596464355382893,24,7.691301907694613,0.162261525136651,0.95,2.697816978598257,1.2926530866501027,7.120134790208225,kon
0.12600179198665776,240.48230048171297,1.1518837519694094,1.42493455358919,1.2690335659444805,1.2994553224180774,1.0232891989883304,1.6075785088958527,0.914033018598818,1.813482532766718,0.8184800891302191,2.0758436845374293,0.7324028626549971,2.479817540608601,0.6437392012757314,3.0177866807512865,0.5575515185730706,3.747223710385858,0.4674310230610133,5.015508696067683,0.3720536094623488,8.826606199758,25,8.856592806262709,0.16524457545669174,0.95,2.841944979480051,1.2828552468408274,0.8197760249728228,kon
0.14087559561988824,333.17078450840404,1.1352417235529022,1.427187448598286,1.2460465398121028,1.2685822768572241,1.0169009081687799,1.5982071023844793,0.9109008971469104,1.8212918678376122,0.8159932835223057,2.070483128088826,0.7384471246968858,2.353023306853139,0.6543860690101241,2.7894629434193714,0.5723385208264856,3.4737062007529853,0.49190720744457483,4.660089556004519,0.3936015429126976,7.639359177570246,26,7.645975550130735,0.16044486710391126,0.95,2.566188456064437,1.2585657496170461,1.5691903240570264,kon
0.1463781799530815,1307.4458448616715,1.136793275072641,1.4284664053803222,1.255442422850349,1.2916515967286122,1.023793955884884,1.60688448190355,0.9210224016658484,1.836043849765047,0.8239583916305505,2.124626924562832,0.7346216812333679,2.4534052206277344,0.6479356877566507,2.9397542801634793,0.5706653069243581,3.7511358306217484,0.4781006282468857,5.1933219160960284,0.38263600317397756,10.00155237050948,27,10.003719927570476,0.1463781799530815,0.95,3.602766725402143,1.2719971588869208,1.1859655304829677,kon
0.17062334573681848,1111.7774772351258,1.1424995650045418,1.4483605241655924,1.2581734781813614,1.28549668202997,1.026441611056661,1.6264504727587568,0.9215781923986184,1.8639947233247518,0.8276127892619121,2.120603070043762,0.7303612619306731,2.5334412195595077,0.6478912869263836,3.0807198709305204,0.5710093634179537,3.810772210195255,0.4843419778681594,5.020900324588221,0.3843181452468441,7.725760197283501,28,7.759801953705266,0.17062334573681848,0.95,4.010867674978186,1.2714097753230336,0.7785719095155129,kon
0.15204131124889994,347.23858754440755,1.106639548347334,1.4075100676300683,1.2257479787054038,1.250504844953882,0.9981181761410125,1.5982323284419202,0.8971186821008139,1.8281174734632852,0.8052152810687409,2.107308289562885,0.7275534796052119,2.469117112597328,0.6525214935383759,3.0053796018403642,0.5732712023492013,3.8050397757821393,0.48892552261706634,5.161061700786722,0.3801236302108991,8.665742774416744,29,8.675354228771825,0.16455681230588762,0.95,2.840062320323544,1.2381675850552505,0.3910306747881359,kon
0.13610329550707306,9263.606695546232,1.1300021091468522,1.41100312997429,1.2413070645519502,1.2667228063819964,1.0193290977368825,1.578538410412912,0.9181154142506935,1.8175487207597052,0.819597978106222,2.1291889898051317,0.7262699732187491,2.5055776765808186,0.6336960303436154,3.1675165265007643,0.5565150443793111,3.9101408176785166,0.47556740457504726,5.193944835353848,0.37993794018574834,7.681964500099343,30,7.742109602093006,0.16792167565660002,0.95,5.605699660087223,1.2520524695269173,0.8615569596469715,kon
0.17999920883527779,547.542781309488,1.1592765099804991,1.4416290325540106,1.279897016441534,1.307762412052309,1.0324642930992842,1.6218121721224552,0.9233987929998331,1.8261428397030672,0.8246934850840442,2.0757075665529023,0.7368797086851149,2.4093986218864334,0.6506809608798929,2.893630276523087,0.5664658511640416,3.794613767140234,0.48141055187589216,5.258328180181379,0.3858840731289663,8.777933202928168,31,8.78276784051936,0.17999920883527779,0.95,2.941597523885166,1.2939613978571163,1.2436341154044663,kon
0.14566224649285045,362.1600600188798,1.1108857820506468,1.420711018444296,1.238466831497383,1.2737737340505437,1.0063178565889188,1.5792959817452283,0.8939247596306708,1.7938613234742742,0.7989648996155819,2.0707522320826657,0.7114666951720809,2.4153821948518956,0.6366238177700434,2.8888155623822027,0.5609947461326061,3.5316447091400116,0.4802118565090783,5.025451190011442,0.3788426483343921,8.452103417464787,32,8.460255230361375,0.15480051575658538,0.95,2.8067177566253547,1.258309583031827,0.9284789363092542,kon
0.17726200796033686,266.34316808190823,1.121751123341228,1.4065160687336304,1.2332223956572332,1.258579004586784,1.0099970746352809,1.5692060211664784,0.913795431148587,1.7866041596719833,0.8198972616438351,2.0934656379415415,0.7246449080079995,2.404888409779735,0.6383077712224167,2.9479183987979805,0.5527285345558153,3.673769028941837,0.47603505530250056,4.966998846406281,0.3834732633997259,7.984970957426842,33,8.180474634227293,0.18908894776161247,0.95,2.6440385639784436,1.25056969391095,0.9101225684696571,kon
0.14889702971746754,197.38278846930743,1.1213434668024802,1.4239095396883479,1.2440366165886874,1.2799131931739456,1.0137580796825219,1.5877877516452787,0.9131071375807123,1.8412652203938358,0.8139247139921293,2.1149317050503216,0.7340966524066138,2.495338789659223,0.6548943162235146,2.971081768446611,0.565601354869518,3.6609218271315145,0.4791030984952785,4.906140217636372,0.38674531127222056,8.187363950353285,34,8.209046559853507,0.15807457982425885,0.95,2.711140138809589,1.2609254024750205,0.9655477352459482,kon
0.13237862705189432,342.3221884882199,1.1373352758265591,1.4263848765703044,1.2577502014666488,1.2877240621199642,1.0257553252730538,1.6112196036715714,0.9151205025282911,1.8426718561899795,0.8108707124377321,2.127628516477259,0.7162190887780737,2.477970133493385,0.6371771807970698,2.953576124719084,0.5654181548870735,3.74157623016625,0.4757319630649074,5.141864895094641,0.38566753823945876,8.533581293799338,35,8.561130688546486,0.13237862705189432,0.95,3.0498963195019586,1.2696651139639061,1.644048974780125,kon
1366.239710612989,1542.6251520023209,1447.2292441107352,1453.2017784047653,1449.9733608077051,1450.5490129420693,1444.0197848567968,1456.2891858184685,1441.0794403594937,1459.7414362935872,1437.4793912668047,1462.8937245743275,1434.05757935811,1465.9669719447024,1430.2402436749537,1469.8774105084258,1425.8320597716909,1474.943147829196,1419.9239321370042,1479.907982440953,1411.2879246597472,1488.3585026293574,1,1494.9383254969298,1403.5900482222366,0.95,1450.208777650546,1450.2534319035467,1472.4190961603065,saturation
1188.0124514803165,1350.9541177626459,1263.6223107808319,1269.8057605967756,1266.771510007958,1267.2871239757683,1260.655239338859,1273.1347503178806,1257.50767641859,1276.6565441831312,1254.5186394623572,1279.6745386851353,1250.9080779541555,1283.1636804456245,1246.6997328937052,1287.3202912315505,1241.6674616207615,1292.562766998029,1236.3745743365193,1297.5852466097883,1226.0672317495055,1306.437954099642,2,1310.5621961376721,1216.4873987941435,0.95,1266.9299898254574,1267.0561621363581,1269.5051274459802,saturation
868.6328070799768,1024.5354111680101,944.57482369224,950.058555342287,947.2535744634115,947.7607290682571,941.5671590326001,952.9689644820055,938.4308502388901,955.9913970606776,935.2762218312816,958.910524307639,932.0174468642996,962.1729997596889,928.2496870225168,966.0531188170007,923.9085961376585,970.624499421358,918.2580049330081,975.6326229717096,910.4833409252226,983.6487237955308,3,992.8187710259177,905.7859663546377,0.95,947.1675387618782,947.5454073750847,946.6282587579728,saturation
894.6182355317042,1042.9834857744756,967.0908925741581,972.5181690173451,969.5986380694737,970.2229153314237,964.2595718680234,975.48283433332,961.6789152755028,978.3437292570704,958.6482983740891,980.9156158911976,955.4047263546661,984.5321369115703,951.2668681045513,988.4299675681252,947.0585880332637,992.7015269718244,941.8534281978802,997.933054843956,933.5548489193257,1006.1118712729811,4,1014.3486794020741,926.5133313435898,0.95,969.8536867022563,969.8967757003843,962.4205368879674,saturation
196.68358736692824,314.64993449361526,253.54810245579142,257.52237496424686,255.21638052656766,255.7222953976059,251.4179981708635,259.693622462567,249.00873222788633,261.88737382819033,246.28236529547814,264.22695511074136,243.69020919045684,267.03661110283826,240.50119904841236,269.7796846695932,236.84487814398838,273.2531279119726,232.38066142506864,277.92389366420275,226.3829129110959,283.89381681442813,5,288.3780179604949,220.6802616579468,0.95,255.32921870597852,255.50094187757253,266.20191460546965,saturation
159.2751464745412,289.1486323482932,220.3393168510271,225.1862904419787,222.5489791027557,223.01267693043792,217.9836166186173,227.58773997473247,215.6415992314374,229.9907755779033,213.0210629592687,232.5843005192632,210.0555423458609,235.45115589590458,206.75588777538547,238.75298248974303,202.577939641165,242.6251300170882,197.1668027873824,247.2093866777,190.05144747097674,255.02503639786858,6,261.45130267058084,184.38545219023075,0.95,222.73438001491598,222.8178510960492,246.71239726104554,saturation
0.10329517410165448,96.2635449301466,32.02475883612027,36.16837872422396,33.831985732628056,34.177267295712,30.23751703443417,38.41340918818546,27.969274255268797,40.77531925118619,25.81024402962911,43.077548181075436,23.371857611040454,45.926219657978145,20.67528903737152,48.78739364419807,17.38346191470057,52.654078424833024,13.764876568619265,56.96583428074995,8.855865281489594,62.94582920552421,7,65.99191454083753,3.4315648440944098,0.95,34.95177796228115,33.95323196501825,45.67772564802782,saturation
0.00015499126242112134,28.750025670787107,2.8976224757346714,3.800529408910948,3.2631870322708307,3.360131608257908,2.5178416997414175,4.313370068602868,2.1219696453438974,4.940017015789104,1.7440071977322549,5.6720255075826636,1.4122094242286956,6.4484333636044155,1.1079548218587865,7.405790832725529,0.8257430352625151,8.773344238982784,0.530427053512429,10.358006490887675,0.2469948017122527,12.7826618351479,8,12.816326764512109,0.00015499126242112134,0.95,4.542639777056944,3.31853005460425,8.04192702081281,saturation
0.0006941825395458934,24.62067862546427,1.9765240019259638,2.5684673111181153,2.2171958865305808,2.276309875271763,1.6835257306264115,2.9574682971169413,1.411039576977475,3.4204252845912535,1.1499224880314358,3.92666973059827,0.9385588667645172,4.487331620105668,0.7383952872545296,5.164542689530843,0.5287064617457069,6.054409474646601,0.36304438465456673,7.233538465845718,0.17645667911365057,9.187739311904446,9,9.218959134228232,0.0006941825395458934,0.95,3.1773615540422098,2.2529848500545544,2.336057720556478,saturation
1.5747808654455797,126.93057603642168,54.86559298158587,60.006622053539516,57.438925502651344,57.886439044827284,52.371892082456434,62.7488672722629,49.87190947058154,65.19896462540254,47.158307860371714,67.94602024417375,43.99498457554717,70.86638248447724,40.8104087685688,74.37134917972722,36.765699245498936,78.1015656581478,31.911945538232104,82.22217083504034,25.414939348225232,89.52070052195356,10,95.56154711102644,19.3462842146717,0.95,57.528233271412525,57.66883868119989,48.743668605089425,saturation
33.86794470127184,130.20178312745634,80.13820849311092,83.39159648205342,81.56771865342927,81.90210494748933,78.52983144388703,84.89699371652074,76.55516051303043,86.46094403430254,74.60784814418383,88.32425577435185,72.67289594444841,90.37747864996722,70.53424909120021,92.41542349357147,67.7328287208465,95.03603547728407,64.56963528429664,98.63140074505091,58.86723368655708,102.9480469263598,11,105.80527314871615,53.32950992018667,0.95,81.4808619741028,81.7448652147961,71.84462832032759,saturation
130.44686157965214,249.89799412650578,189.06927164366124,193.48539557023827,190.92969720649714,191.30535265075846,186.84630497802027,195.73474252873686,184.19573984282027,198.0433587133137,181.94750281078637,200.52681641286455,179.14322549420672,203.01792520741571,176.22776686649027,205.90827748585477,172.58991433953858,209.33648462353554,168.46185047290567,213.5164318721859,161.67210080392397,220.02724105490228,12,226.50033972494043,157.1742868208725,0.95,191.07772782551834,191.07857512416336,182.58879532857895,saturation
174.33380374366118,326.9006113062594,242.66959216584013,247.65937620709047,244.92939528839244,245.35905906560538,240.1859721066758,250.54533945649675,237.34879753420995,253.2847082126109,234.7584507546116,255.81783690389412,231.56224677704765,258.3790145850751,228.33913300072925,261.8217756840443,224.39525451096094,265.81163727395443,219.2359330112467,270.6193578046812,212.21204134111497,277.6869305111207,13,283.4732747684595,206.65267342548805,0.95,245.12651072916552,245.16677281567257,272.87520117444717,saturation
219.90841997522244,392.3595342202979,297.5394925412311,302.9900968168607,300.1018956104114,300.45970088435547,294.658077558408,305.7997532864465,291.4686405187491,308.77096121462796,288.39806993587865,311.70677136503326,284.79695878226147,315.00976670631377,281.5094128746309,318.389361488247,277.5118992021181,322.69849394439007,271.9718969343172,328.1081038923053,265.01685538559985,335.4937786736676,14,342.52708872611805,259.0095336441483,0.95,300.1294555242569,300.28311361442394,317.9176628652521,saturation
180.96084593690253,338.25485953704344,266.14276954037075,271.6319940513662,268.50347177642095,269.02090966780133,263.4935799991857,274.4502232540307,260.72093443422267,277.57237791612994,257.68949015052766,280.63327069215416,254.03287946837347,284.1102368467938,250.60161271570212,287.2380890397145,246.72504553675304,291.51346926140064,241.73171700556847,296.5212861145268,234.11076400329085,303.42366284465595,15,308.7635215534856,225.66435533627353,0.95,268.9829734692804,268.82283302074575,291.700392460531,saturation
139.9904548624481,285.78595045720573,214.33650888379339,219.53791494620424,216.6438105805165,217.1721775795107,211.72811373113564,222.26170206857643,209.48158591945764,224.944812427586,206.71279721727467,227.834408001173,203.6078930910341,231.06957941768133,199.83699746283762,234.4783051696533,195.68823950881813,238.4939321672325,190.3294015315348,243.16619968198899,183.5763374123068,251.01855529486383,16,256.0972799950899,176.86208932524283,0.95,217.00616658664484,216.9028476677522,226.36344342680624,saturation
22.459032763272244,148.07315502849994,85.02289583901025,89.83882724517441,87.26559267916451,87.66578680935295,82.40616411452393,92.49654200685913,79.72137189936397,95.15787736099901,77.15039215563249,97.96653163455524,74.49737412030996,100.77540003045718,71.29040972424171,103.9739657734628,67.60274702775598,108.07576342518416,62.60782362071367,113.32019223166905,55.64025149997757,120.19588325003252,17,128.5676406716101,52.20399163882248,0.95,87.70546601504603,87.46453089667469,93.15946110841237,saturation
252.9474742527011,381.6741924223787,311.5091465938816,316.4839642186913,313.69662623282136,314.1899502580685,309.0231248356947,319.05763552768326,306.4288008851775,321.61472495133484,303.6954210464185,324.9688349811387,300.5470809686198,327.8753227361631,297.72777362007076,330.9487219823966,293.26747474476457,334.9348522353124,288.4504943605746,339.7310028100305,281.2608026777878,345.7023683947747,18,352.5618091623589,276.2688228803674,0.95,314.05213229645386,313.91964193612796,314.7640236371783,saturation
288.10938012793497,443.92480682439657,361.54158879146394,366.7074593102965,363.71692079600854,364.2689547447131,358.9552392671411,369.7241971252811,356.3494234115403,372.39252366776645,353.4451335910153,375.02285639935354,350.25973279628465,378.2487201231269,347.352411000757,381.64213011925517,343.95278492205813,385.1870045614108,339.77579895392927,389.84403529057136,333.50204408262346,396.71167783671183,19,401.31729244768064,326.3409729609238,0.95,364.5023530159566,364.01600476136684,371.6504041485098,saturation
562.0991960617675,723.4240842200389,639.0371700354174,645.0406444275445,641.6122761817644,642.3110241917535,636.1023629173978,647.8684129734797,632.9751187192393,651.0427599368605,629.6240125369668,653.9534973735308,626.383445435441,657.5133383998395,622.485928018588,661.3753475759615,618.241319474772,665.6485334516814,612.7845093087664,670.7479034652598,603.6487444699766,679.2761889305089,20,686.4157686273152,595.4328426307628,0.95,641.9916859572327,641.955672713963,635.2712249754127,saturation
237.81505348673443,413.28094050876155,316.54807622380724,322.61284253072694,319.23774605427354,319.8250973906027,313.51467447152623,325.5660559376116,310.42940321933503,328.6433807003919,307.418811176012,332.53203453828394,303.7348771009671,335.7554469321461,299.8099504895272,340.0911833229279,294.9041655270299,344.07209022175675,289.24050945176754,349.66192528524147,280.27494979887445,358.37543013316053,21,365.1929512442087,271.5110735273546,0.95,319.57112150037347,319.4935925146365,304.97856598863586,saturation
291.86812943831285,485.3181951969295,386.97048101985916,393.9935952898761,389.8922325616017,390.72851106591355,383.4775851882544,397.3368554109147,380.1396605311582,401.0966525009395,376.8043465085758,404.65975267085116,373.035682052297,408.2322468052812,368.7216937753769,412.80685726559284,363.85345681432756,417.8721223278624,357.76414605462924,423.42030371469843,348.573117996171,432.8770755025526,22,441.49750092224605,340.7883911037638,0.95,390.6460470809792,390.3458937241813,354.83448897931305,saturation
358.48464744905596,529.4339329004288,442.66899716759497,449.4530793669312,446.22572595483473,446.8762110598719,439.4133914313718,452.84884816198644,435.5100311088894,456.3303827121624,431.9307431380711,459.9150019255818,427.84391674027637,464.0317494316869,423.22925677133424,468.0662511039218,418.3221428765758,472.92897820189046,411.80234292482214,479.156440469776,403.3955082488168,487.9173301082429,23,496.8959506595742,395.3620516082161,0.95,445.9252198086082,446.5224223241145,431.9073907305414,saturation
740.5214891219366,928.7515903784512,837.146996500413,843.4233977801471,840.2209875805152,840.6896667215849,833.758067766189,846.9754619896139,830.2426644830913,850.7232203105484,826.3534022349779,854.7267777435522,822.2462752287981,859.355262873433,817.7010722106149,863.5931671391758,812.1672442288469,869.0402719844201,805.361462601181,875.8032115135231,793.5078636566906,886.8944124739241,24,894.8366329343962,785.1445751886588,0.95,840.4757511344616,840.4061294071537,829.7058715800778,saturation
667.2809017810677,866.3180565468357,768.0564398878853,775.2684846740418,771.3058328979191,772.0208130369153,764.6982935589976,778.8616840654462,760.9192930406834,782.7075365590531,756.8103138780664,785.987407751514,752.3013903463693,790.4313629565336,747.4327062481741,795.391592865366,742.0458217983556,800.6039723526712,735.7767051063277,806.9449892580087,725.4840403219291,816.6315507991378,25,825.2206091229343,715.2329231904787,0.95,771.4693406303095,771.5567659000305,756.4420637070224,saturation
852.7867798891258,1048.098166168935,948.7425275700757,956.3536582515717,952.267509219259,953.0470422415875,944.3339312415169,960.3475353283477,940.0431565376219,963.8122304261715,936.0808231732324,967.8480462848995,931.5990261067438,972.2291769145469,926.9243307530469,977.2173699945071,920.8254052731097,982.4377950582996,913.615216296404,990.7047479646831,902.6405236065491,1001.4732538848788,26,1012.0054626510032,896.7230903597687,0.95,952.021438012406,952.6666694004568,956.1220953904024,saturation
533.3786289530975,727.1042571387262,627.2162957264884,634.3296314785837,630.3682217869805,631.0911279205259,623.3185592539824,638.1060120123469,618.93172675516,642.021717249067,614.8796510668751,645.8508486491717,610.8869828096514,649.9535019174232,605.7598915205614,654.3954823966927,600.2579076851172,659.539637615488,593.5304728704854,666.6294181470093,584.7546370597149,678.0761978493581,27,685.328208474722,574.7864913002234,0.95,630.5274786964005,630.792819258749,592.062130699471,saturation
767.1806574433184,995.1956282664155,882.4513230216883,890.9305238620308,886.3755964513537,887.3730816165919,878.5388336866762,894.9284492708191,874.3417560739101,899.0568950349484,869.9482295395736,903.639097313953,864.7639336127754,908.1837520594909,859.6186342627232,913.5195943218605,852.9537837367548,918.7948999281073,846.1132190818997,927.3182048784322,836.441750130725,937.4125645877466,28,948.5549171739499,828.8571293598177,0.95,886.627805652569,886.8459741648617,877.6802200651161,saturation
692.5057559639681,891.0727589623444,784.4026440265202,790.9033086016885,787.4045157253395,787.9475114367357,780.9813313093466,794.5699265807841,777.0873814939064,798.0697845126367,773.4783071620582,802.1536981481908,769.3561067398583,806.6607802387357,764.827556218482,811.5685861986624,759.3069906230323,816.9640488584529,752.0883124041461,823.9120932439132,741.0111691535511,834.1997804213919,29,843.8239503943465,733.0797809100071,0.95,787.9153522201618,787.6270812399337,784.7706048620936,saturation
373.14706117004454,560.8587832777595,469.9657174005447,476.53488499358593,472.98932503897237,473.5229402074016,466.34728514371363,479.98539775517054,462.8957742382067,483.46023080674274,459.11763486377197,487.5061284687114,455.2114567679419,491.2480929744355,451.2351192042019,496.03114890649084,445.9194891439036,501.3683241783559,439.566856347995,507.83207780559644,429.77238962529754,517.7967414103149,30,524.5754580292725,420.7136577657009,0.95,473.41825654459274,473.2876196276526,453.45476064956415,saturation
439.1416605910979,641.0963585594543,542.3135705557601,549.1646634372779,545.4655633214525,546.2319977701495,538.9753156463737,552.9723938871882,535.5510285441266,556.4418369859336,531.7802380678329,559.8774115029206,528.0797703365009,563.8476065330348,523.6885785584948,567.7699618303038,518.6271431844535,572.6330690843697,512.5501279803404,579.14080699141,501.5659006529631,587.9360893077497,31,594.0796871441313,492.1319459452458,0.95,545.7376676806523,545.8760768748779,539.4798377299885,saturation
199.17807458257636,325.80236480440306,258.39180347961343,263.03845029142053,260.58281948096885,261.1040381664267,255.92580194859232,265.4707855336528,253.52511072891696,267.6718077655364,251.06334409713338,270.24983615368586,248.21070076136814,272.80203614039885,245.29326779286464,275.95497314679125,241.94457646782678,279.5860321898666,238.02499016933794,283.9588745763148,230.82457181865087,291.3246879831384,32,294.9504734672673,223.87123544589878,0.95,260.73288700746554,260.80619419468456,268.8239331221719,saturation
0.00039577161090674446,20.402681646535473,1.3393411163931446,1.797016581150196,1.5440877156862596,1.591686613773991,1.1509498449090791,2.1002211140977822,0.9608274603736736,2.371461377741869,0.782699228452611,2.7198334702900118,0.6297919193454063,3.148730629556411,0.4874467374563591,3.6410973314908186,0.3380001941264334,4.289974462523396,0.2165143710319628,5.262557282434898,0.10040027919925869,6.863170217067374,33,6.876828168083675,0.00039577161090674446,0.95,2.268160754361764,1.5617335103776961,2.344009653948518,saturation
0.0008441200520395019,31.768111715195886,3.2332913632285534,4.259816357983869,3.6569339020581975,3.76497387322791,2.7755832882245706,4.908877352138768,2.346551844620982,5.5532328416555625,1.9791040890743412,6.247851141451068,1.6041798440470103,7.122912186810968,1.276681673710796,8.181677854957478,0.9582973931653636,9.627154983313938,0.619747132188332,11.247518141580617,0.3033805296199837,14.192912333870579,34,14.205352646389441,0.0008441200520395019,0.95,5.056199471626462,3.7163649943391697,6.143715247434714,saturation
0.00040499050519304325,24.68812497154382,1.451349754380325,1.9196083647167317,1.6511703772293593,1.7029584252361252,1.2546855838839375,2.178642987888407,1.0627770353471093,2.4687810519072757,0.8782641069371424,2.844363598282467,0.6971790641533357,3.2138233434542562,0.5370269340986042,3.752794657801106,0.3855341028830873,4.4012508074359085,0.24989477779892336,5.2984020149249975,0.11019723819924174,6.919096036595884,35,6.922054900433196,0.00040499050519304325,0.95,2.3411768816053153,1.679130348036149,0.6001843662410885,saturation
107.23056354677233,122.12864950555748,114.03376828016485,114.54339746787667,114.25715818330133,114.30002858685157,113.7797065000776,114.81507203104363,113.51786192561487,115.07734199926557,113.2189942533476,115.39485642430591,112.92399641126721,115.70513799388827,112.57495520066902,116.06914346608454,112.14288426706881,116.4670853157203,111.60092676188728,117.10470111684573,110.89853979054942,117.86791112610639,1,118.40793432700485,110.04350490934462,0.95,114.32426573566694,114.27183995033826,113.70202948009434,sigma
105.95095302550622,955577.2241625368,801.367139461991,1014.0977670359362,886.5719307246638,906.7509069059777,704.821787897321,1141.8665684191965,633.7141072826423,1309.0988749718158,568.6351489837891,1514.8858541077284,506.8838372391676,1780.2071494114116,446.9814987520833,2141.5410850003896,385.8324486754638,2682.5652661934873,328.8587244207611,3668.4222112053794,262.9769881827664,6353.100336813203,1,6367.465518670479,125.64790955862746,0.95,2418.01894935379,896.5200218861909,557.7769464215304,observed_onrate
106.07235548001324,366032.8310990449,785.7588887898464,979.4114048583854,864.6965300845452,886.3137750320666,702.1578395552199,1127.1476767890458,633.4585130305359,1301.487452901014,571.7907878268779,1477.6096818136575,509.80445848683746,1724.7255137322627,445.76132567962617,2106.0406805533144,388.30866859206645,2734.0028056204487,335.72909482544173,3693.029565808348,267.19287077433677,5495.356745789413,2,5523.08460609329,106.07235548001324,0.95,1861.482800250554,874.8972782445926,835.9890960810357,observed_onrate
119.10290632569095,680085.4491903592,779.1701399731592,990.0107954058026,853.794946723041,874.0398877229901,703.9150587278777,1122.8434007273552,630.0169666999675,1281.038704335253,561.8243959945272,1475.2446572404558,501.7692486641528,1743.208337386491,444.245155794184,2111.412034339457,388.54739215161,2632.445508984706,328.97277560167686,3633.899940445518,264.6186108052169,5740.331226221594,3,5746.25795789946,119.10290632569095,0.95,2469.159161781917,866.38582287242,2826.171839983949,observed_onrate
99.15149927978486,128880.1729075871,796.3174701350623,991.1991391884063,875.0057175721278,894.8383080926212,708.625715650679,1137.3410222581033,633.0022937578633,1278.0056436111624,570.4587434528954,1467.4787135128095,505.1112154345417,1720.6227342951802,451.1405400951842,2030.855346276928,396.20879169101164,2553.8425503943754,343.1581503290104,3669.1003869172396,275.27401921324105,6232.258288240978,4,6236.183805925676,99.15149927978486,0.95,1932.6301313469507,886.3637695974321,2420.1612515736438,observed_onrate
95.37794237418343,571895.1862214089,800.0067557250095,1016.0994499666213,886.2833562866217,900.2443698650375,714.9730886565939,1135.0366906875515,642.6471655572949,1299.4120839287518,571.7596425116798,1498.7978259245624,516.6936290228693,1780.8800237424161,454.0909860121842,2128.150725868827,394.74046438015625,2736.7833594854023,336.1765303471589,3881.957509330927,269.093452645054,6264.018792549956,5,6337.824141272926,121.10510827641068,0.95,2200.9237743490285,892.6514836159889,321.7517743914968,observed_onrate
112.36430045701798,252419.85511218564,801.706139156221,997.6254241537396,888.5880526439438,913.4945307967348,722.8636069912861,1122.262268601543,647.8729009102782,1273.1353396504992,580.4878945333139,1481.8612816129826,523.9657473488363,1729.5130678657174,462.255245532358,2058.806638357593,403.99162258418266,2597.226302779177,344.06728630099434,3444.9217477900434,272.66746048567944,5788.47508668711,6,5790.985899122049,112.36430045701798,0.95,1859.0242610577106,904.1450794247594,434.08094061868485,observed_onrate
87.3958982596912,259770.49886545798,789.9568109741075,1000.9891186299815,874.3766971410823,894.9880097798597,712.5168327282926,1154.6711484973143,632.8722692718522,1297.015091520244,562.8784129740862,1497.5106941174902,503.7583803767389,1771.5726516789111,446.7099003461532,2104.4760440058585,393.3053576610205,2649.1493171322236,334.47699461292774,3621.1159969604546,262.7259758180222,6422.313558035914,7,6466.663466372259,87.3958982596912,0.95,2170.480103632424,886.1621607912007,346.8808886186917,observed_onrate
70.58179854965937,294658.9422950035,785.7813529984119,985.3051959100774,871.6552859429812,890.3682846920312,714.8527553917534,1115.475614524009,641.42567300828,1270.202306137378,567.5950944208075,1460.7358844451055,505.53502953481564,1705.080844295609,447.762521271345,2019.0488653391192,388.15878156391807,2524.7091760909875,333.51728882372515,3346.8961315276733,272.6899600585444,5934.311889366285,8,5971.313348005834,119.94219334307054,0.95,1931.1721942768093,879.2213370747949,1098.0593485605937,observed_onrate
108.75410173408238,162750.5368232977,786.3861200789581,986.920075731822,868.1312515242205,889.2375903870101,711.853956492332,1124.0669605879166,641.3112010136255,1276.3908129028978,575.8377300617933,1475.9605250946925,509.25531907300103,1776.0497724328934,448.00309768670866,2142.9763839888938,394.21039103171444,2566.8082817378486,333.16708331272577,3521.149118238496,271.3726492784386,6239.860980081938,9,6243.782600916278,108.75410173408238,0.95,2049.1656819796126,877.4933845591809,531.5953699356057,observed_onrate
96.02155506879427,129612.44408679036,812.1673306353139,1012.6087538025113,900.0054224338992,916.8461614908315,727.9302679339271,1160.0332254757045,646.2743334267661,1331.8297191906543,572.1276671923689,1523.1919333750477,500.1465056215984,1805.69905560258,440.5835926788328,2159.468326651137,385.87428278684604,2716.4266460677995,335.52391157247797,3704.4957551451666,265.3500166978212,6620.171310843999,10,6624.989528269461,96.02155506879427,0.95,2082.6654051300366,908.9666675021928,290.83977090870906,observed_onrate
120.22466805491652,244237.1353484837,797.4271880511596,1008.5746117231879,883.3631679708071,904.3612431888408,714.7174179566728,1142.2446846787116,640.0802777916319,1311.5003767052285,564.6691299807399,1499.1688046753684,497.21321877003936,1768.5315309734574,432.26548129091964,2119.890768853539,383.45938952853703,2643.3904108769166,324.8172816825278,3671.6674103650143,262.05238005714153,5951.610166874743,11,5974.00562894607,120.22466805491652,0.95,2021.9305783017203,895.597988713397,835.3949921012359,observed_onrate
114.03340146467265,213681.13893638138,784.3505233272074,976.1829504474946,861.1836467001991,879.4647516650284,705.8964841066875,1094.0612111235898,639.8434750092526,1245.1902705875586,572.4737494769025,1422.189417481808,520.2331256175802,1661.825489908194,457.9827664220011,2037.0977256820702,397.3557863147316,2494.660684203231,337.4686415370444,3464.6944464582434,267.7186204165015,5891.170187860088,12,5962.512491306824,114.03340146467265,0.95,1935.8217269191234,869.3667836890302,563.2237338856618,observed_onrate
114.40174100225957,117687.18035159868,805.031172753791,1013.6704190508723,890.9649006639197,912.9767633153788,713.2324485773772,1127.8794450980809,635.6503045809831,1270.280101630054,568.3372048319396,1461.265085054296,506.0706698098336,1687.1440668714495,449.02361191144246,2040.1297890774863,394.29795791757215,2518.2593051259455,333.685432084143,3477.4080619322594,265.9638282012567,5227.493053405054,13,5238.925623499134,128.25018291854758,0.95,1704.3788665572786,901.0655876701371,761.2584173538606,observed_onrate
87.29700397591532,146828.82073331345,802.9516133977005,989.2251154707385,882.6451754381944,896.458679662831,721.9648117550098,1131.534437970656,650.1964395249366,1291.8489593900474,586.9036176401744,1490.0367607707835,518.5815060427267,1757.7043527806027,455.5680745828819,2127.040628626734,398.5492719728301,2760.2812204934553,332.7915283838705,3825.773030275495,267.67670914559085,6316.718456028454,14,6319.046841670621,87.29700397591532,0.95,1927.7058326120957,887.4692201175541,1958.2514924988527,observed_onrate
89.20481603842944,300398.94959856116,796.9271222389052,983.6635515714156,875.7782565748703,895.8313067256557,713.8738865887823,1097.963226726106,645.2036676330529,1250.129459036968,580.0056484348698,1441.6094303010955,521.6053677801294,1686.2002001966337,462.5653204142286,1985.8287289930586,405.1186912439853,2534.6292664468083,344.68211156109805,3551.104639812839,276.54787277171795,5533.943729350155,15,5587.582706028403,138.07491777893685,0.95,2105.4190941397273,887.7745018560774,1720.9439860985437,observed_onrate
126.2982503606187,2135215.2169294357,791.743669476517,997.6516045583282,880.4586447160998,900.7481008831253,710.4612901750817,1108.8183141863703,632.9842146791315,1243.5307545646833,571.3712633833553,1413.3458314947718,516.5408798487872,1634.042918982099,452.6913546697014,1936.4365491325482,398.3174479138356,2446.5388563070646,338.76099733499694,3371.3836238971953,269.3102167727209,5909.831143230834,16,5919.270414032428,126.2982503606187,0.95,2378.1749284543357,890.5951699236666,1019.8881550317453,observed_onrate
96.61175306440462,568018.6672293514,800.2171263434689,1007.5621495551161,883.1009413957408,903.464815613882,710.4141936814292,1119.8850754311209,645.8174407335061,1275.0198041136277,577.7701338210571,1472.8165948082174,517.2196453727566,1732.713823458504,458.13090819921,2141.0908698385447,398.8072290226637,2732.148243237556,339.8568172566486,3698.2931854898725,275.80431789895977,6078.012584027014,17,6086.468795488567,96.61175306440462,0.95,2031.6684437264657,892.6714412929177,783.7106320193595,observed_onrate
97.80903369872517,267406.38928848563,782.9462036295271,993.3635648859398,876.176818995789,896.7871322814993,695.8590378864674,1110.7793101740192,630.2398963057723,1263.7107066218284,561.4944365984197,1438.0519601887734,505.990903264579,1672.2486561895907,444.17366198429204,2026.8749215268854,391.4883532327705,2572.400525817395,335.3469948931482,3562.738192374696,271.6251398299473,6437.31499441527,18,6468.474874831686,97.80903369872517,0.95,2179.070565057734,888.6192717681645,785.5306107537891,observed_onrate
108.31898383351535,161735.7327876866,811.385738242628,1023.1119301157005,903.6161424656057,927.0921139979755,730.3041048615041,1163.1830440273238,657.1480669455768,1337.985667907479,572.6268732990808,1550.9327381740077,513.4291990295317,1799.3502792607276,453.546733908893,2130.347678787544,397.753058844749,2707.7093052994287,331.871838603938,3803.619083610603,262.2088188054243,6143.487299144605,19,6144.601482413691,108.31898383351535,0.95,1952.293844827895,916.4585936890161,707.9289339119526,observed_onrate
84.12534541189551,1293728.8857819282,795.9062543881819,1007.9887259502755,881.096996117954,902.5387095142412,714.0484006968022,1146.64483053042,638.5269872393108,1325.8760985689405,572.1632380212081,1531.8191735056214,510.5971139358628,1804.390292612106,455.84372439264007,2178.7536320986633,392.82949210897266,2717.3148228827536,336.1810917482283,3671.493008301246,271.11016064438,6053.015655023115,20,6090.735001534118,113.5220960814748,0.95,3096.5635268121423,889.6822878271107,4943.812724438988,observed_onrate
100.48964631093797,428312.2630165941,771.1789045996402,965.5053677916835,845.687914467793,864.9662792310891,694.4459774925012,1094.9348600304024,627.9812057446741,1255.2470559648334,566.2060129151623,1447.9506678914067,504.9833352176674,1722.1309441200256,451.20339976265564,2074.2502666358864,390.35105439338054,2611.3653226084816,326.29181699284914,3610.527251551851,261.4318078391317,5860.754384518335,21,5893.360626359207,132.948578775282,0.95,2040.1548732879899,856.7791115990361,681.2378200009689,observed_onrate
90.864223296841,225546.89897824722,812.3868458974571,1005.8501155443564,887.5294484522124,908.6525602645127,719.8881613570956,1134.4084683298638,649.4098075090592,1286.2271948429086,580.68520857352,1497.7529703103144,517.5074147806115,1764.72419573036,459.59919541149463,2108.299046960377,401.90178021267485,2630.0382640353623,339.57309991695956,3637.40352372059,270.87895728464844,5792.846645714558,22,5839.764225737304,90.864223296841,0.95,1972.7631647775117,898.1707333128932,336.84723263512456,observed_onrate
90.83992537612848,107769.73631827737,798.2578696855558,1029.5717778464061,896.1344483019282,919.5281251735539,703.2854268343175,1163.2865872470543,621.211007851915,1327.240568249902,554.570936209842,1546.4099650984099,496.61883546435325,1781.498097715274,441.25964131471574,2176.8143863492,384.9242518206811,2786.6125456435075,326.33456386044094,3860.5446769723176,255.9717235925462,6556.073944204469,23,6559.318849721328,90.83992537612848,0.95,2026.8901577319014,907.8177833415182,437.47880911443747,observed_onrate
107.28934294532303,252986.79785689412,811.8543609629548,1008.4174952260971,894.8816637023435,913.0183063261534,726.8404306378175,1132.5320893929947,651.9542999315601,1284.3676721959387,589.8772085876084,1472.530838393634,519.0731102833944,1681.5945439806846,462.9091844614503,2021.9280325174464,408.2480244621651,2539.110293686212,340.69663479718537,3396.5397028808766,267.7837594670137,5317.525048768025,24,5383.911335386229,113.5830675956557,0.95,1888.47188501878,904.857160655072,4984.094353145758,observed_onrate
88.20125439066042,168337.6103371991,806.3186263785865,997.454187512433,888.3234961611363,909.6187256926542,716.3024392918312,1125.304956227097,639.8231130191726,1269.4377729367025,572.9360623911533,1453.0905791762004,512.682003858498,1735.8722784260206,450.6174408930119,2112.4506765259002,390.2860630011494,2623.0565972701,327.2017161427093,3510.856087247378,260.43752662364415,6178.624339830601,25,6199.614964383896,115.67120281968423,0.95,1989.3614856360357,897.9986727885791,573.8432174809759,observed_onrate
98.61291693392177,233219.54915588282,794.6692064870315,999.0312140188003,872.2325778684722,888.0075938000568,711.8306357181459,1118.7449716691353,637.6306280028373,1274.9043074863287,571.1952984656141,1449.3381896621781,516.9129872878201,1647.1163147971974,458.07024830708684,1952.6240603935598,400.63696457853996,2431.5943405270896,344.3350452112024,3262.0626892031632,275.52108003888833,5347.551424299172,26,5352.182885091514,112.31140697273788,0.95,1796.3319192451056,880.9960247319323,1098.4332268399185,observed_onrate
102.46472596715705,915212.09140317,795.7552925508487,999.9264837662256,878.8096959952443,904.1561177100284,716.6557691194189,1124.8191373324848,644.7156811660939,1285.230694835533,576.7708741413853,1487.2388471939826,514.2351768633575,1717.3836544394142,453.5549814296555,2057.827996114436,399.46571484705066,2625.7950814352243,334.67043977282003,3635.32534126722,267.84520222178435,7001.086659356636,27,7002.603949299333,102.46472596715705,0.95,2521.9367077815,890.3980112208444,830.1758713380774,observed_onrate
119.43634201577294,778244.2340645881,799.749695503179,1013.8523669159147,880.7214347269528,899.8476774209789,718.5091277396627,1138.5153309311297,645.1047346790328,1304.7963063273262,579.3289524833383,1484.4221490306334,511.2528833514711,1773.4088536916554,453.5239008484686,2156.503909651364,399.70655439256757,2667.5405471366785,339.0393845077116,3514.6302272117546,269.02270167279084,5408.032138098451,28,5431.861367593687,119.43634201577294,0.95,2807.6073724847306,889.9868427261233,545.000336660859,observed_onrate
106.42891787422995,243067.0112810853,774.6476838431338,985.2570473410478,858.0235850937827,875.3533914677173,698.6827232987089,1118.7626299093442,627.9830774705697,1279.6822314242995,563.6506967481187,1475.1158026940195,509.28743572364834,1728.38197881813,456.7650454768631,2103.765721288255,401.28984164444086,2663.5278430474973,342.24786583194646,3612.7431905507055,266.0865411476294,6066.019942091721,29,6072.747960140277,115.18976861412133,0.95,1988.043624226481,866.7173095386754,273.7214723516951,observed_onrate
95.27230685495114,6484524.686882363,791.0014764027966,987.702190982003,868.9149451863651,886.7059644673975,713.5303684158177,1104.9768872890386,642.6807899754854,1272.2841045317937,573.7185846743555,1490.4322928635922,508.38898125312437,1753.904373606573,443.5872212405308,2217.2615685505352,389.56053106551775,2737.098572374962,332.89718320253303,3635.761384747694,265.95655813002384,5377.37515006954,30,5419.476721465104,117.54517295962002,0.95,3923.9897620610554,876.4367286688421,603.0898717528801,observed_onrate
125.99944618469445,383279.94691664155,811.4935569863494,1009.1403227878075,895.927911509074,915.4336884366164,722.725005169499,1135.2685204857185,646.3791550998832,1278.299987792147,577.2854395588308,1452.9952965870316,515.8157960795803,1686.5790353205036,455.47667261592505,2025.541193566161,396.52609581482915,2656.229636998164,336.9873863131245,3680.829726126965,270.1188511902764,6144.5532420497175,31,6147.937488363553,125.99944618469445,0.95,2059.1182667196167,905.7729784999814,870.5438807831264,observed_onrate
101.96357254499532,253512.04201321586,777.6200474354528,994.4977129110073,866.926782048168,891.6416138353807,704.4224996122432,1105.50718722166,625.7473317414696,1255.702926431992,559.2754297309074,1449.526562457866,498.0266866204567,1690.767536396327,445.6366724390304,2022.1708936675418,392.69632229282433,2472.151296398008,336.14829955635486,3517.815833008009,265.1898538340745,5916.472392225351,32,5922.178661252962,108.36036102960976,0.95,1964.7024296377485,880.8167081222788,649.935255416478,observed_onrate
124.0834055722358,186440.21765733577,785.2257863388596,984.5612481135414,863.2556769600632,881.0053032107488,706.9979522446966,1098.444214816535,639.6568018040108,1250.6229117703883,573.9280831506846,1465.425946559079,507.2514356055997,1683.4218868458142,446.81543985569164,2063.5428791585864,386.9099741890707,2571.638320259286,333.22453871175037,3476.8991924843967,268.4312843798082,5589.479670198789,33,5726.332243959106,132.36226343312873,0.95,1850.8269947849105,875.3987857376651,637.08579792876,observed_onrate
104.22792080222727,138167.9519285152,784.940426761736,996.7366777818436,870.825631612081,895.9392352217619,709.6306557777652,1111.4514261516952,639.1749963064987,1288.8856542756853,569.7472997944905,1480.452193535225,513.8676566846298,1746.737152761456,458.4260213564601,2079.7572379126277,395.92094840866264,2562.645278992061,335.37216894669496,3434.2981523454605,270.7217178905544,5731.154765247299,34,5746.332591897454,110.6522058769812,0.95,1897.7980971667123,882.6477817325144,675.8834146721637,observed_onrate
92.66503893632603,239625.53194175396,796.1346930785913,998.4694135992131,880.4251410266543,901.4068434839751,718.0287276911375,1127.8537225700998,640.5843517698038,1289.8702993329857,567.6094987064125,1489.3399615340809,501.35336214465156,1734.5790934453698,446.0240265579489,2067.503287303359,395.79270842095144,2619.1033611163753,333.01237414543516,3599.3054265662486,269.9672767676211,5973.506905659538,35,5992.79148198254,92.66503893632603,0.95,2134.927423651371,888.7655797747343,1150.8342823460875,observed_onrate
