activation_time_s,mean_mcherry_intensity,region,point_idx,power_density_nW,experiment_time_s,mch_median_sub
0,585.5231167000002,activated,1,1.9397606623469608,0.0,-24.284364352232956
1,1060.880872,activated,1,1.9397606623469608,1.0,450.95158057207175
2,1476.282637,activated,1,1.9397606623469608,2.0,866.9552850565312
3,1733.119685,activated,1,1.9397606623469608,3.0,1121.0433614837639
4,1873.397649,activated,1,1.9397606623469608,4.0,1265.8958966901598
5,1973.555897,activated,1,1.9397606623469608,5.0,1362.6505477321555
6,2036.597678,activated,1,1.9397606623469608,6.0,1428.4144978176314
7,2075.840178,activated,1,1.9397606623469608,7.0,1466.1534359208517
8,2105.018777,activated,1,1.9397606623469608,8.0,1495.5187496817318
9,2127.822533,activated,1,1.9397606623469608,9.0,1518.6569113387586
10,2144.2604,activated,1,1.9397606623469608,10.0,1534.8477410258656
11,2152.746892,activated,1,1.9397606623469608,11.0,1542.3630241685473
12,2174.362627,activated,1,1.9397606623469608,12.0,1565.3728113176667
13,2180.990397,activated,1,1.9397606623469608,13.0,1572.6539574881317
14,2180.691224,activated,1,1.9397606623469608,14.0,1567.2327191046077
15,2189.385137,activated,1,1.9397606623469608,15.0,1578.5493027962732
16,2190.3198190000007,activated,1,1.9397606623469608,16.0,1579.22758539516
17,2200.682666,activated,1,1.9397606623469608,17.0,1592.0426080130328
18,2187.512428,activated,1,1.9397606623469608,18.0,1578.0553125248812
19,2201.235208,activated,1,1.9397606623469608,19.0,1591.9864204749047
20,2203.139722,activated,1,1.9397606623469608,20.0,1597.0219463046299
21,2198.987314,activated,1,1.9397606623469608,21.0,1589.0094690071223
22,2198.507934,activated,1,1.9397606623469608,22.0,1590.0599945876625
23,2205.219758,activated,1,1.9397606623469608,23.0,1598.8810123128146
24,2200.261811,activated,1,1.9397606623469608,24.0,1593.5478373474511
0,635.10009,activated,2,1.9397606623469608,198.0,29.25250385728657
1,1055.232897,activated,2,1.9397606623469608,199.0,450.8142959963549
2,1412.588765,activated,2,1.9397606623469608,200.0,807.4202413256868
3,1641.127564,activated,2,1.9397606623469608,201.0,1036.5526059895722
4,1761.962127,activated,2,1.9397606623469608,202.0,1156.455868363661
5,1839.652335,activated,2,1.9397606623469608,203.0,1234.8251150493084
6,1882.474073,activated,2,1.9397606623469608,204.0,1277.1238169816063
7,1904.484919,activated,2,1.9397606623469608,205.0,1298.9840727184937
8,1933.601782,activated,2,1.9397606623469608,206.0,1327.2885404718525
9,1949.28453,activated,2,1.9397606623469608,207.0,1343.287766854026
10,1970.539931,activated,2,1.9397606623469608,208.0,1365.817456593945
11,1969.20648,activated,2,1.9397606623469608,209.0,1362.8076745133799
12,1985.810741,activated,2,1.9397606623469608,210.0,1379.5715436819687
13,1984.772508,activated,2,1.9397606623469608,211.0,1377.9793451338664
14,1989.633669,activated,2,1.9397606623469608,212.0,1384.068617802986
15,1995.325863,activated,2,1.9397606623469608,213.0,1389.354404958235
16,1988.052777,activated,2,1.9397606623469608,214.0,1382.3050734556628
17,1996.457381,activated,2,1.9397606623469608,215.0,1391.0012150001144
18,1997.413174,activated,2,1.9397606623469608,216.0,1393.090040801261
19,1980.235179,activated,2,1.9397606623469608,217.0,1376.3571111806716
20,1982.705461,activated,2,1.9397606623469608,218.0,1375.4020683812346
21,1995.713514,activated,2,1.9397606623469608,219.0,1389.16399684295
22,1983.919395,activated,2,1.9397606623469608,220.0,1375.7261672187653
23,1988.80292,activated,2,1.9397606623469608,221.0,1382.3373771879174
24,1994.515499,activated,2,1.9397606623469608,222.0,1387.5755636337658
0,581.167945,activated,3,3.145912743951723,374.4,-38.26904289252809
1,978.6208726,activated,3,3.145912743951723,375.4,361.3114964609058
2,1272.473777,activated,3,3.145912743951723,376.4,653.107087969055
3,1419.182402,activated,3,3.145912743951723,377.4,800.0965980423965
4,1516.984811,activated,3,3.145912743951723,378.4,897.2428632300474
5,1557.528383,activated,3,3.145912743951723,379.4,937.5705904915442
6,1598.715801,activated,3,3.145912743951723,380.4,978.6134958146331
7,1609.555468,activated,3,3.145912743951723,381.4,990.2050230392349
8,1630.85536,activated,3,3.145912743951723,382.4,1009.6280537380019
9,1630.449566,activated,3,3.145912743951723,383.4,1010.2554384737508
10,1646.757181,activated,3,3.145912743951723,384.4,1025.4818125345598
11,1650.019839,activated,3,3.145912743951723,385.4,1028.1238682257372
12,1656.820472,activated,3,3.145912743951723,386.4,1033.1317773309916
13,1656.841542,activated,3,3.145912743951723,387.4,1034.1591695900288
14,1663.224978,activated,3,3.145912743951723,388.4,1043.0384415695696
15,1661.12055,activated,3,3.145912743951723,389.4,1040.4824069837339
16,1659.526624,activated,3,3.145912743951723,390.4,1038.120061549915
17,1662.266293,activated,3,3.145912743951723,391.4,1037.985205903593
18,1661.366639,activated,3,3.145912743951723,392.4,1038.9834631669987
19,1657.573385,activated,3,3.145912743951723,393.4,1035.800756618018
20,1658.376346,activated,3,3.145912743951723,394.4,1036.0531184292024
21,1654.054054,activated,3,3.145912743951723,395.4,1032.16656969363
22,1655.069881,activated,3,3.145912743951723,396.4,1030.665847434977
23,1657.163643,activated,3,3.145912743951723,397.4,1035.9646167217375
24,1644.770453,activated,3,3.145912743951723,398.4,1023.1773821419498
25,1642.301408,activated,3,3.145912743951723,399.4,1020.4266198895405
26,1633.98628,activated,3,3.145912743951723,400.4,1010.9385435420611
0,625.5065463,activated,4,3.145912743951723,468.0,-3.948267799373866
1,1061.447987,activated,4,3.145912743951723,469.0,431.3936382550944
2,1297.749261,activated,4,3.145912743951723,470.0,668.0941023761135
3,1459.0252039999998,activated,4,3.145912743951723,471.0,827.1248211172648
4,1542.859134,activated,4,3.145912743951723,472.0,910.8402454914808
5,1586.134229,activated,4,3.145912743951723,473.0,954.4844312369185
6,1627.624124,activated,4,3.145912743951723,474.0,997.2450882541837
7,1647.092345,activated,4,3.145912743951723,475.0,1014.7456750001724
8,1649.12091,activated,4,3.145912743951723,476.0,1015.621110404315
9,1671.291271,activated,4,3.145912743951723,477.0,1040.697135620916
10,1684.3596710000004,activated,4,3.145912743951723,478.0,1051.8926095296988
11,1688.9284,activated,4,3.145912743951723,479.0,1056.3503611178262
12,1697.439498,activated,4,3.145912743951723,480.0,1065.2848185470505
13,1695.691346,activated,4,3.145912743951723,481.0,1063.9744947236059
14,1705.604186,activated,4,3.145912743951723,482.0,1073.5374597469056
15,1702.812936,activated,4,3.145912743951723,483.0,1071.0368795941372
16,1699.732389,activated,4,3.145912743951723,484.0,1069.0202874280035
17,1699.199286,activated,4,3.145912743951723,485.0,1064.8745740449388
18,1712.7532030000002,activated,4,3.145912743951723,486.0,1081.1238179361446
19,1708.9942,activated,4,3.145912743951723,487.0,1075.9304108927481
20,1712.029309,activated,4,3.145912743951723,488.0,1076.9760064340621
21,1704.6231309999996,activated,4,3.145912743951723,489.0,1071.7942841804424
22,1702.584521,activated,4,3.145912743951723,490.0,1067.059550422448
23,1705.4511739999996,activated,4,3.145912743951723,491.0,1073.088232277651
24,1707.572596,activated,4,3.145912743951723,492.0,1074.2000567033992
25,1711.313229,activated,4,3.145912743951723,493.0,1076.8343418781803
26,1709.673243,activated,4,3.145912743951723,494.0,1075.9124710686065
0,653.4972217999998,activated,5,0.08981012365831499,644.4,2.664446999529673
1,681.6065085,activated,5,0.08981012365831499,645.4,33.84699178432288
2,734.8899585,activated,5,0.08981012365831499,646.4,83.25324792971344
3,778.1542311000002,activated,5,0.08981012365831499,647.4,124.1285689665824
4,805.7509217,activated,5,0.08981012365831499,648.4,153.63115077671
5,841.2907249,activated,5,0.08981012365831499,649.4,189.83081672860988
6,877.4046099999998,activated,5,0.08981012365831499,650.4,225.7062030908461
7,896.5176706,activated,5,0.08981012365831499,651.4,246.96422951080456
8,917.2704212,activated,5,0.08981012365831499,652.4,262.6649006105289
9,931.141394,activated,5,0.08981012365831499,653.4,276.1932309583415
10,945.0170581,activated,5,0.08981012365831499,654.4,292.42198887754853
11,955.365251,activated,5,0.08981012365831499,655.4,300.0959524525033
12,959.4167562,activated,5,0.08981012365831499,656.4,305.6382144616466
13,972.3936889,activated,5,0.08981012365831499,657.4,318.4084986489378
14,977.0641333,activated,5,0.08981012365831499,658.4,326.3722131763683
15,986.9800505,activated,5,0.08981012365831499,659.4,332.3405814351489
16,984.1918367,activated,5,0.08981012365831499,660.4,331.99021034007956
17,993.383627,activated,5,0.08981012365831499,661.4,340.12600924078777
18,990.1246843,activated,5,0.08981012365831499,662.4,337.8515179960692
19,994.340645,activated,5,0.08981012365831499,663.4,341.24031488762023
20,988.6936511,activated,5,0.08981012365831499,664.4,334.9115256522732
21,998.1625686,activated,5,0.08981012365831499,665.4,344.68065492844323
22,992.4407408,activated,5,0.08981012365831499,666.4,335.50749717333633
23,992.8010973,activated,5,0.08981012365831499,667.4,338.58735818325067
24,993.4477952,activated,5,0.08981012365831499,668.4,340.09463697159515
25,997.783958,activated,5,0.08981012365831499,669.4,343.5984015022955
26,993.8133306,activated,5,0.08981012365831499,670.4,339.2487038154187
27,995.7249804,activated,5,0.08981012365831499,671.4,341.90630760297074
28,991.5315296,activated,5,0.08981012365831499,672.4,336.9385377596658
29,1000.56827,activated,5,0.08981012365831499,673.4,346.6258384684056
30,1001.807205,activated,5,0.08981012365831499,674.4,346.65093545779916
31,1003.265027,activated,5,0.08981012365831499,675.4,350.2136154088838
32,1006.612727,activated,5,0.08981012365831499,676.4,352.26028311120285
33,1009.417139,activated,5,0.08981012365831499,677.4,353.7925343468597
34,1000.043255,activated,5,0.08981012365831499,678.4,344.2814840894596
35,1014.932923,activated,5,0.08981012365831499,679.4,361.4255613013697
36,1016.748849,activated,5,0.08981012365831499,680.4,361.42407179395263
37,1018.236862,activated,5,0.08981012365831499,681.4,363.03426696915926
38,1017.755398,activated,5,0.08981012365831499,682.4,362.0208822381444
39,1014.692995,activated,5,0.08981012365831499,683.4,359.53409946083013
40,1015.777502,activated,5,0.08981012365831499,684.4,359.86886595970157
41,1014.778018,activated,5,0.08981012365831499,685.4,357.9712806970083
42,1011.887427,activated,5,0.08981012365831499,686.4,357.1554025771835
43,1004.300328,activated,5,0.08981012365831499,687.4,349.73841724437966
44,1005.741533,activated,5,0.08981012365831499,688.4,350.32954403733845
0,681.9970447000002,activated,6,0.08981012365831499,792.0,20.033345604924648
1,699.4799720999998,activated,6,0.08981012365831499,793.0,38.58068406902339
2,733.2139344999998,activated,6,0.08981012365831499,794.0,70.4591986485865
3,767.2419833,activated,6,0.08981012365831499,795.0,104.8109052393279
4,801.3256422999998,activated,6,0.08981012365831499,796.0,139.2651447488305
5,829.4558481,activated,6,0.08981012365831499,797.0,168.01868861670755
6,851.4571950999998,activated,6,0.08981012365831499,798.0,190.40523085910309
7,875.3034807,activated,6,0.08981012365831499,799.0,212.50995607052732
8,887.8609922,activated,6,0.08981012365831499,800.0,226.37722360472515
9,902.7769617,activated,6,0.08981012365831499,801.0,240.5511382653325
10,915.4482945,activated,6,0.08981012365831499,802.0,252.9617608448791
11,924.7259094,activated,6,0.08981012365831499,803.0,262.60451183322016
12,929.4187651,activated,6,0.08981012365831499,804.0,268.7528419940577
13,935.4429181,activated,6,0.08981012365831499,805.0,271.6160639218987
14,938.818527,activated,6,0.08981012365831499,806.0,276.50718556974573
15,944.0438877,activated,6,0.08981012365831499,807.0,281.60232686204915
16,947.0628502,activated,6,0.08981012365831499,808.0,285.7589029794067
17,946.0099805,activated,6,0.08981012365831499,809.0,285.3404250759396
18,948.6340697,activated,6,0.08981012365831499,810.0,286.15825229511836
19,951.8726391,activated,6,0.08981012365831499,811.0,289.7924326851396
20,957.2470868,activated,6,0.08981012365831499,812.0,294.3211688791383
21,957.4993759,activated,6,0.08981012365831499,813.0,296.1231523733087
22,963.5404186,activated,6,0.08981012365831499,814.0,299.9430199663984
23,964.3101576,activated,6,0.08981012365831499,815.0,301.6705165399942
24,963.4162104,activated,6,0.08981012365831499,816.0,302.21056905777016
25,965.5690597,activated,6,0.08981012365831499,817.0,303.48071973315416
26,968.9315064,activated,6,0.08981012365831499,818.0,306.42932141869323
27,965.7967602,activated,6,0.08981012365831499,819.0,302.9168221599573
28,962.9020118,activated,6,0.08981012365831499,820.0,300.0810736856953
29,964.329242,activated,6,0.08981012365831499,821.0,302.373838682518
30,967.7499521,activated,6,0.08981012365831499,822.0,304.61843056132693
31,963.6622986,activated,6,0.08981012365831499,823.0,299.75602688982326
32,960.933103,activated,6,0.08981012365831499,824.0,296.64612621358026
33,961.872703,activated,6,0.08981012365831499,825.0,300.555082958521
34,964.8195489,activated,6,0.08981012365831499,826.0,300.65639927484426
0,682.5019595,activated,7,0.022175339174892592,910.8,21.58268632418651
1,687.0801462999998,activated,7,0.022175339174892592,911.8,23.221547194836944
2,697.6074317000001,activated,7,0.022175339174892592,912.8,36.077154926299386
3,709.4741313,activated,7,0.022175339174892592,913.8,45.77854203742936
4,720.1603855000002,activated,7,0.022175339174892592,914.8,58.988857591619194
5,730.4839724999998,activated,7,0.022175339174892592,915.8,67.77177672343521
6,739.8136035,activated,7,0.022175339174892592,916.8,77.5635908038497
7,749.1481116,activated,7,0.022175339174892592,917.8,87.98320043273691
8,757.934572,activated,7,0.022175339174892592,918.8,96.84726859093928
9,764.0945104,activated,7,0.022175339174892592,919.8,104.10765105027917
10,769.6617006,activated,7,0.022175339174892592,920.8,109.26040185252248
11,772.689465,activated,7,0.022175339174892592,921.8,111.45796808460727
12,776.8277121,activated,7,0.022175339174892592,922.8,115.20768688351211
13,787.720562,activated,7,0.022175339174892592,923.8,125.57104912086584
14,789.6234447,activated,7,0.022175339174892592,924.8,129.0520272288453
15,790.1085842,activated,7,0.022175339174892592,925.8,130.17861496703551
16,784.3213691000002,activated,7,0.022175339174892592,926.8,123.68126845227539
17,766.2371062999998,activated,7,0.022175339174892592,927.8,106.56923668130594
18,754.1693094,activated,7,0.022175339174892592,928.8,94.04679470396184
19,747.4709786000002,activated,7,0.022175339174892592,929.8,87.00740000759299
20,739.5989549,activated,7,0.022175339174892592,930.8,77.38774299819545
21,734.5624292,activated,7,0.022175339174892592,931.8,71.64685918309078
22,721.5692107000001,activated,7,0.022175339174892592,932.8,60.62577057969236
23,720.3625802,activated,7,0.022175339174892592,933.8,59.81171175105089
24,714.4469533,activated,7,0.022175339174892592,934.8,50.376859011820216
25,711.8814701,activated,7,0.022175339174892592,935.8,50.853686324637806
26,713.7100009,activated,7,0.022175339174892592,936.8,53.71654263923824
27,710.2688304,activated,7,0.022175339174892592,937.8,49.93407463547521
28,712.9006706,activated,7,0.022175339174892592,938.8,53.77749572384903
29,706.6406712,activated,7,0.022175339174892592,939.8,44.59079651688387
30,703.1198768999999,activated,7,0.022175339174892592,940.8,43.74065895783042
31,705.1780997000002,activated,7,0.022175339174892592,941.8,44.13757138986591
32,701.7440763999998,activated,7,0.022175339174892592,942.8,41.617423536262436
33,699.4590647000001,activated,7,0.022175339174892592,943.8,37.43688969687241
34,700.8543502,activated,7,0.022175339174892592,944.8,41.793329602702215
35,701.7333758999998,activated,7,0.022175339174892592,945.8,41.05048093167761
36,698.875815,activated,7,0.022175339174892592,946.8,39.641064603300606
37,698.9865242000002,activated,7,0.022175339174892592,947.8,37.96130266329942
38,698.4460766,activated,7,0.022175339174892592,948.8,37.341965392631096
39,697.8814643,activated,7,0.022175339174892592,949.8,36.29439963176958
40,700.0716869,activated,7,0.022175339174892592,950.8,37.56780439628881
41,700.2518767999999,activated,7,0.022175339174892592,951.8,38.7434304855924
42,697.7527853999999,activated,7,0.022175339174892592,952.8,36.868216871193454
0,627.9086771000002,activated,8,1.3859586984307867e-05,1105.2,-28.10893892546278
1,629.2303887,activated,8,1.3859586984307867e-05,1106.2,-24.524820312656175
2,632.7258803,activated,8,1.3859586984307867e-05,1107.2,-22.9510393609703
3,633.0729352000002,activated,8,1.3859586984307867e-05,1108.2,-20.075548643134084
4,634.7810375,activated,8,1.3859586984307867e-05,1109.2,-18.59290641296559
5,634.93445,activated,8,1.3859586984307867e-05,1110.2,-20.791405005039223
6,636.6957123,activated,8,1.3859586984307867e-05,1111.2,-19.2001530879553
7,640.4696839,activated,8,1.3859586984307867e-05,1112.2,-11.358972068153093
8,640.3063547,activated,8,1.3859586984307867e-05,1113.2,-11.195621233238285
9,640.8866548999998,activated,8,1.3859586984307867e-05,1114.2,-13.496129276431475
10,644.0555926,activated,8,1.3859586984307867e-05,1115.2,-9.119905175843542
11,643.1280924,activated,8,1.3859586984307867e-05,1116.2,-9.80203941478203
12,643.3508985000002,activated,8,1.3859586984307867e-05,1117.2,-8.57990593440229
13,645.6515052,activated,8,1.3859586984307867e-05,1118.2,-7.780970797986242
14,650.8716753,activated,8,1.3859586984307867e-05,1119.2,-3.203961364422753
15,651.9422998,activated,8,1.3859586984307867e-05,1120.2,-1.7161356559123533
16,651.9425785,activated,8,1.3859586984307867e-05,1121.2,0.2628756966524861
17,653.9443551,activated,8,1.3859586984307867e-05,1122.2,0.15143785669374665
18,652.3983975,activated,8,1.3859586984307867e-05,1123.2,-0.9239933729623999
19,654.24819,activated,8,1.3859586984307867e-05,1124.2,1.175529652117234
20,656.3321857000002,activated,8,1.3859586984307867e-05,1125.2,4.508466064699974
21,652.6181148,activated,8,1.3859586984307867e-05,1126.2,-1.0001188856177805
22,652.2909222999998,activated,8,1.3859586984307867e-05,1127.2,-0.23731863886428073
23,654.4182657,activated,8,1.3859586984307867e-05,1128.2,0.17784700856088875
24,651.1257467999999,activated,8,1.3859586984307867e-05,1129.2,-0.17737216931857347
25,651.5070282,activated,8,1.3859586984307867e-05,1130.2,-3.7114893678442513
26,651.488867,activated,8,1.3859586984307867e-05,1131.2,-1.1890985355106523
27,651.1808924,activated,8,1.3859586984307867e-05,1132.2,0.18851025875801497
28,648.6693878,activated,8,1.3859586984307867e-05,1133.2,-4.561164758742052
29,648.8582866,activated,8,1.3859586984307867e-05,1134.2,-3.987660521313387
30,646.4851221,activated,8,1.3859586984307867e-05,1135.2,-5.605380543342676
31,647.4679478999999,activated,8,1.3859586984307867e-05,1136.2,-2.465959459007081
32,645.1585798,activated,8,1.3859586984307867e-05,1137.2,-7.547184046057282
33,646.4715476,activated,8,1.3859586984307867e-05,1138.2,-5.545866539730696
34,646.4340059,activated,8,1.3859586984307867e-05,1139.2,-5.1914147109439455
35,646.0885825,activated,8,1.3859586984307867e-05,1140.2,-5.435927242486741
36,646.821041,activated,8,1.3859586984307867e-05,1141.2,-5.911452623815535
37,644.7507127,activated,8,1.3859586984307867e-05,1142.2,-7.88088523882891
38,643.0324789,activated,8,1.3859586984307867e-05,1143.2,-9.81850255350139
39,644.2945162000002,activated,8,1.3859586984307867e-05,1144.2,-6.604633315173828
40,643.2057596,activated,8,1.3859586984307867e-05,1145.2,-8.690378644030034
41,642.7683977999999,activated,8,1.3859586984307867e-05,1146.2,-10.932807590678749
42,644.7598165,activated,8,1.3859586984307867e-05,1147.2,-7.053707665608158
43,641.0227944000002,activated,8,1.3859586984307867e-05,1148.2,-12.074135244909371
44,641.9426772,activated,8,1.3859586984307867e-05,1149.2,-10.211349786348023
45,642.0250472,activated,8,1.3859586984307867e-05,1150.2,-8.96101900429096
46,641.178808,activated,8,1.3859586984307867e-05,1151.2,-10.491111786647139
47,640.5825413,activated,8,1.3859586984307867e-05,1152.2,-13.529370567843216
48,642.2244782,activated,8,1.3859586984307867e-05,1153.2,-7.932516429676298
49,640.5173745,activated,8,1.3859586984307867e-05,1154.2,-8.628591171730363
50,640.1552182,activated,8,1.3859586984307867e-05,1155.2,-12.84265224192768
51,638.6509884999998,activated,8,1.3859586984307867e-05,1156.2,-12.118258431265417
52,639.0934944,activated,8,1.3859586984307867e-05,1157.2,-12.171429457318709
53,634.5716898,activated,8,1.3859586984307867e-05,1158.2,-14.784069676603508
54,637.9516417,activated,8,1.3859586984307867e-05,1159.2,-14.320444463816216
55,640.6696839,activated,8,1.3859586984307867e-05,1160.2,-9.808040808819783
56,635.8504369,activated,8,1.3859586984307867e-05,1161.2,-16.89213478637339
57,636.9281331,activated,8,1.3859586984307867e-05,1162.2,-13.591300768182919
58,635.2646965,activated,8,1.3859586984307867e-05,1163.2,-15.548581110091845
59,636.6594246000002,activated,8,1.3859586984307867e-05,1164.2,-14.030615520005313
60,637.5820304,activated,8,1.3859586984307867e-05,1165.2,-12.533978961671096
61,636.8020147000002,activated,8,1.3859586984307867e-05,1166.2,-14.175505762587136
62,634.5470723,activated,8,1.3859586984307867e-05,1167.2,-17.031383500475272
63,639.0407234,activated,8,1.3859586984307867e-05,1168.2,-13.346093302621739
64,640.6212965,activated,8,1.3859586984307867e-05,1169.2,-10.621900971989817
65,640.2437658,activated,8,1.3859586984307867e-05,1170.2,-10.666434928742206
66,637.0360206,activated,8,1.3859586984307867e-05,1171.2,-13.817985276310651
67,638.8208030000002,activated,8,1.3859586984307867e-05,1172.2,-12.392511895473717
68,639.3397392999998,activated,8,1.3859586984307867e-05,1173.2,-8.646707265584496
69,638.6164543,activated,8,1.3859586984307867e-05,1174.2,-13.516965864518738
70,640.4761633999998,activated,8,1.3859586984307867e-05,1175.2,-13.070615655640268
71,637.5232328,activated,8,1.3859586984307867e-05,1176.2,-13.909154920264655
72,636.5862455,activated,8,1.3859586984307867e-05,1177.2,-13.813377733250377
73,635.6944698,activated,8,1.3859586984307867e-05,1178.2,-16.192048948329443
74,640.3195517999999,activated,8,1.3859586984307867e-05,1179.2,-10.861703821765218
75,638.1063489000002,activated,8,1.3859586984307867e-05,1180.2,-11.886765545351977
76,638.2218481000001,activated,8,1.3859586984307867e-05,1181.2,-13.599483747713293
77,634.9990943,activated,8,1.3859586984307867e-05,1182.2,-17.203246601397836
78,635.2795017999998,activated,8,1.3859586984307867e-05,1183.2,-16.27583243364245
79,633.1979621,activated,8,1.3859586984307867e-05,1184.2,-16.91182297179148
80,635.7580283,activated,8,1.3859586984307867e-05,1185.2,-13.71698012432455
81,634.1672888999999,activated,8,1.3859586984307867e-05,1186.2,-14.740882971813562
82,633.7719917999998,activated,8,1.3859586984307867e-05,1187.2,-17.786455244582385
83,632.1805034,activated,8,1.3859586984307867e-05,1188.2,-19.286476211193758
84,631.5169333,activated,8,1.3859586984307867e-05,1189.2,-15.74140244783166
85,632.4075652,activated,8,1.3859586984307867e-05,1190.2,-18.402669031661958
86,631.4006445,activated,8,1.3859586984307867e-05,1191.2,-18.15259416442882
87,630.2463495000002,activated,8,1.3859586984307867e-05,1192.2,-18.16593937467178
88,628.9285569,activated,8,1.3859586984307867e-05,1193.2,-20.984668941588893
89,629.9935611000002,activated,8,1.3859586984307867e-05,1194.2,-19.46021836855948
90,627.7825355,activated,8,1.3859586984307867e-05,1195.2,-22.961689655995315
91,627.2039771000002,activated,8,1.3859586984307867e-05,1196.2,-21.888348111736832
92,627.3753651000002,activated,8,1.3859586984307867e-05,1197.2,-21.68092073004607
93,626.2774175,activated,8,1.3859586984307867e-05,1198.2,-24.807951105686357
94,627.0305281000002,activated,8,1.3859586984307867e-05,1199.2,-24.35389465845526
95,626.4156937000001,activated,8,1.3859586984307867e-05,1200.2,-25.602109889778944
96,626.0562255,activated,8,1.3859586984307867e-05,1201.2,-24.559270760167237
97,625.3331437,activated,8,1.3859586984307867e-05,1202.2,-26.16869426241567
98,624.6967457000002,activated,8,1.3859586984307867e-05,1203.2,-25.70034753037305
99,625.3213749,activated,8,1.3859586984307867e-05,1204.2,-24.466813668545342
0,611.7582721,activated,9,1.3859586984307867e-05,1260.0,-36.90686688948131
1,609.2358057,activated,9,1.3859586984307867e-05,1261.0,-38.489466435632266
2,604.2865968,activated,9,1.3859586984307867e-05,1262.0,-45.530003022151845
3,604.3784539,activated,9,1.3859586984307867e-05,1263.0,-43.617893599108925
4,605.9681017000001,activated,9,1.3859586984307867e-05,1264.0,-42.961609033545415
5,606.4542631,activated,9,1.3859586984307867e-05,1265.0,-41.500168092633885
6,607.9143554,activated,9,1.3859586984307867e-05,1266.0,-41.24972672630895
7,609.1615350999998,activated,9,1.3859586984307867e-05,1267.0,-41.011851291101834
8,608.3690597,activated,9,1.3859586984307867e-05,1268.0,-39.87211174351614
9,609.1844921,activated,9,1.3859586984307867e-05,1269.0,-40.95400114056065
10,610.0919267,activated,9,1.3859586984307867e-05,1270.0,-39.711283000700746
11,613.1946817,activated,9,1.3859586984307867e-05,1271.0,-36.87369769239774
12,611.5358434999998,activated,9,1.3859586984307867e-05,1272.0,-38.86493161951125
13,614.977432,activated,9,1.3859586984307867e-05,1273.0,-36.04868021677919
14,612.8102941000002,activated,9,1.3859586984307867e-05,1274.0,-37.43724127711516
15,613.9224838,activated,9,1.3859586984307867e-05,1275.0,-34.78636637844761
16,615.7842947,activated,9,1.3859586984307867e-05,1276.0,-33.18515101532637
17,616.2967514999998,activated,9,1.3859586984307867e-05,1277.0,-33.13710675090181
18,616.8778704,activated,9,1.3859586984307867e-05,1278.0,-31.827837468137545
19,615.3918716,activated,9,1.3859586984307867e-05,1279.0,-34.80762508288285
20,615.2361715,activated,9,1.3859586984307867e-05,1280.0,-35.36822712156686
21,618.0770401000002,activated,9,1.3859586984307867e-05,1281.0,-28.88411052071001
22,616.4801927999998,activated,9,1.3859586984307867e-05,1282.0,-37.55260763434717
23,613.2885244,activated,9,1.3859586984307867e-05,1283.0,-35.560014946491265
24,617.1085087,activated,9,1.3859586984307867e-05,1284.0,-31.70818024954997
25,616.7677242999998,activated,9,1.3859586984307867e-05,1285.0,-31.969847017939173
26,618.1486282999998,activated,9,1.3859586984307867e-05,1286.0,-28.883216354146953
27,616.4411124,activated,9,1.3859586984307867e-05,1287.0,-34.64317065868738
28,615.980724,activated,9,1.3859586984307867e-05,1288.0,-35.10585845778871
29,615.5578076,activated,9,1.3859586984307867e-05,1289.0,-33.97821163979347
30,614.4640404,activated,9,1.3859586984307867e-05,1290.0,-36.08620039751054
31,613.1612564,activated,9,1.3859586984307867e-05,1291.0,-35.21183382317008
32,614.3155166,activated,9,1.3859586984307867e-05,1292.0,-32.582172260322295
33,613.0716637,activated,9,1.3859586984307867e-05,1293.0,-36.74865673438069
34,610.0293552,activated,9,1.3859586984307867e-05,1294.0,-38.68443469106421
35,612.4080762,activated,9,1.3859586984307867e-05,1295.0,-37.5071782306444
36,614.4649926,activated,9,1.3859586984307867e-05,1296.0,-37.42560399100762
37,612.2458385,activated,9,1.3859586984307867e-05,1297.0,-39.20128484493773
38,615.6267425,activated,9,1.3859586984307867e-05,1298.0,-31.799519059934823
39,613.9322031,activated,9,1.3859586984307867e-05,1299.0,-35.529863751276025
40,613.3623305,activated,9,1.3859586984307867e-05,1300.0,-35.14682730553898
41,614.7468575,activated,9,1.3859586984307867e-05,1301.0,-36.145468764912266
42,611.5753941,activated,9,1.3859586984307867e-05,1302.0,-39.49443483169989
43,610.2399222,activated,9,1.3859586984307867e-05,1303.0,-38.15902799808168
44,611.4570557999998,activated,9,1.3859586984307867e-05,1304.0,-37.3182205016459
45,613.6932621000002,activated,9,1.3859586984307867e-05,1305.0,-36.37457801210894
46,610.8165239,activated,9,1.3859586984307867e-05,1306.0,-38.618104590337225
47,611.5213923,activated,9,1.3859586984307867e-05,1307.0,-38.07921041652378
48,608.9379511,activated,9,1.3859586984307867e-05,1308.0,-41.27839152301476
49,610.4113334,activated,9,1.3859586984307867e-05,1309.0,-39.26055669502432
50,610.1030511,activated,9,1.3859586984307867e-05,1310.0,-40.3177829414567
51,610.2600575,activated,9,1.3859586984307867e-05,1311.0,-39.652091004594695
52,609.7214502999999,activated,9,1.3859586984307867e-05,1312.0,-38.62247841621513
53,609.9000319,activated,9,1.3859586984307867e-05,1313.0,-39.826581323968185
54,606.9293698,activated,9,1.3859586984307867e-05,1314.0,-42.87133282112154
55,608.3177055,activated,9,1.3859586984307867e-05,1315.0,-40.4265983223097
56,606.1111621,activated,9,1.3859586984307867e-05,1316.0,-42.48204642573876
57,608.6149621000002,activated,9,1.3859586984307867e-05,1317.0,-43.16941011126471
58,608.5726536000002,activated,9,1.3859586984307867e-05,1318.0,-38.79127138364311
59,603.1052922,activated,9,1.3859586984307867e-05,1319.0,-44.00253145172326
60,604.6960026,activated,9,1.3859586984307867e-05,1320.0,-44.44986653662784
61,602.5295846,activated,9,1.3859586984307867e-05,1321.0,-47.14875266047477
62,602.8247162,activated,9,1.3859586984307867e-05,1322.0,-47.77702792360628
63,603.6333904,activated,9,1.3859586984307867e-05,1323.0,-47.92878169828475
64,603.684466,activated,9,1.3859586984307867e-05,1324.0,-44.348695869984226
65,600.8238279,activated,9,1.3859586984307867e-05,1325.0,-50.60605847078034
66,607.0348129,activated,9,1.3859586984307867e-05,1326.0,-41.473575599658375
67,604.5684501000002,activated,9,1.3859586984307867e-05,1327.0,-46.425362114468385
68,600.5593927,activated,9,1.3859586984307867e-05,1328.0,-49.16999615085297
69,601.4013412,activated,9,1.3859586984307867e-05,1329.0,-48.68856353079627
70,600.826191,activated,9,1.3859586984307867e-05,1330.0,-48.99130218084781
71,601.9401864,activated,9,1.3859586984307867e-05,1331.0,-47.88840143876291
72,604.4913171000002,activated,9,1.3859586984307867e-05,1332.0,-44.318811040227956
73,600.8154789,activated,9,1.3859586984307867e-05,1333.0,-49.777270831878695
74,602.1301593999998,activated,9,1.3859586984307867e-05,1334.0,-49.07903626901259
75,599.0894069,activated,9,1.3859586984307867e-05,1335.0,-49.61926591960366
76,598.6918745,activated,9,1.3859586984307867e-05,1336.0,-50.418685711225294
77,600.7893634,activated,9,1.3859586984307867e-05,1337.0,-49.83752534601183
78,598.8343484000002,activated,9,1.3859586984307867e-05,1338.0,-50.22886575084431
79,598.7971725,activated,9,1.3859586984307867e-05,1339.0,-50.6428709066214
80,597.5432752,activated,9,1.3859586984307867e-05,1340.0,-50.70544441272477
81,597.7245624,activated,9,1.3859586984307867e-05,1341.0,-50.93498789324735
82,595.4974133999998,activated,9,1.3859586984307867e-05,1342.0,-54.299244513130475
0,680.8085116000002,activated,10,0.030906878975006543,1436.4,26.127930400640707
1,688.0824571,activated,10,0.030906878975006543,1437.4,36.13650366748902
2,694.3664876,activated,10,0.030906878975006543,1438.4,40.76329430655585
3,705.7553575000002,activated,10,0.030906878975006543,1439.4,52.13892903530939
4,714.9892531,activated,10,0.030906878975006543,1440.4,61.57619070300484
5,720.7595727,activated,10,0.030906878975006543,1441.4,66.35648245941377
6,727.5800912000002,activated,10,0.030906878975006543,1442.4,75.2806076103152
7,736.1233430999998,activated,10,0.030906878975006543,1443.4,82.81738111109394
8,737.8721746,activated,10,0.030906878975006543,1444.4,85.24665377439112
9,743.8505008,activated,10,0.030906878975006543,1445.4,88.30007581244513
10,748.4260226,activated,10,0.030906878975006543,1446.4,93.62768499077572
11,750.628316,activated,10,0.030906878975006543,1447.4,97.38460466690913
12,756.3405289,activated,10,0.030906878975006543,1448.4,102.04455285199401
13,755.5610532000002,activated,10,0.030906878975006543,1449.4,100.65831212179194
14,755.0941504,activated,10,0.030906878975006543,1450.4,102.45943156934129
15,753.9020176,activated,10,0.030906878975006543,1451.4,100.86037817200031
16,758.1550208,activated,10,0.030906878975006543,1452.4,103.55152322780123
17,760.4594885,activated,10,0.030906878975006543,1453.4,107.93951936267456
18,763.0106947,activated,10,0.030906878975006543,1454.4,109.32928972185528
19,759.5998432,activated,10,0.030906878975006543,1455.4,105.01940493910831
20,761.3097627999998,activated,10,0.030906878975006543,1456.4,107.89413005305778
21,761.9828200000002,activated,10,0.030906878975006543,1457.4,107.80558932435156
22,763.0113392000002,activated,10,0.030906878975006543,1458.4,110.54963269066081
23,760.6814003999998,activated,10,0.030906878975006543,1459.4,106.87276431316832
24,760.7809214,activated,10,0.030906878975006543,1460.4,107.81989878822878
25,760.7576741,activated,10,0.030906878975006543,1461.4,104.59375660557839
26,759.9720497999998,activated,10,0.030906878975006543,1462.4,108.37296293342501
27,757.7983163,activated,10,0.030906878975006543,1463.4,105.13957575196093
28,754.8407002,activated,10,0.030906878975006543,1464.4,101.33723499749465
29,754.5193021000001,activated,10,0.030906878975006543,1465.4,98.58383849613085
30,752.5161611000002,activated,10,0.030906878975006543,1466.4,98.94157795804483
31,750.6860104,activated,10,0.030906878975006543,1467.4,95.39683141260002
32,749.5396174,activated,10,0.030906878975006543,1468.4,94.4345890170473
33,752.0367347,activated,10,0.030906878975006543,1469.4,95.42251687877922
34,753.8868987000002,activated,10,0.030906878975006543,1470.4,97.97813994350179
0,695.4212326,activated,11,0.030906878975006543,1638.0,30.917084287638886
1,697.6559177999999,activated,11,0.030906878975006543,1639.0,31.869624800560473
2,708.9972362999998,activated,11,0.030906878975006543,1640.0,46.66232377533083
3,716.7528667,activated,11,0.030906878975006543,1641.0,54.73672462187403
4,723.5227973,activated,11,0.030906878975006543,1642.0,58.65112055693908
5,732.6667867000001,activated,11,0.030906878975006543,1643.0,66.13419192502806
6,739.4685807,activated,11,0.030906878975006543,1644.0,75.04561920369508
7,744.1059134,activated,11,0.030906878975006543,1645.0,77.90495276691286
8,749.7962377,activated,11,0.030906878975006543,1646.0,83.8928643928864
9,754.1144017999999,activated,11,0.030906878975006543,1647.0,87.13246910201326
10,751.6350916,activated,11,0.030906878975006543,1648.0,85.37871199628682
11,755.4291753,activated,11,0.030906878975006543,1649.0,89.26834821898888
12,757.3431707000002,activated,11,0.030906878975006543,1650.0,91.85003852723628
13,757.726519,activated,11,0.030906878975006543,1651.0,91.81511895245524
14,761.8040120000002,activated,11,0.030906878975006543,1652.0,97.06968891318877
15,764.2014051,activated,11,0.030906878975006543,1653.0,97.59437933418053
16,764.5085494,activated,11,0.030906878975006543,1654.0,100.91282315060869
17,762.9358319,activated,11,0.030906878975006543,1655.0,97.1354299313117
18,762.9820593999998,activated,11,0.030906878975006543,1656.0,99.44934543961108
19,767.5362034,activated,11,0.030906878975006543,1657.0,102.78757991727161
20,763.0977966,activated,11,0.030906878975006543,1658.0,96.99305533874212
21,764.1488664,activated,11,0.030906878975006543,1659.0,100.35705681905506
22,762.6696548,activated,11,0.030906878975006543,1660.0,95.21476052421747
23,763.1137109,activated,11,0.030906878975006543,1661.0,98.66746371606098
24,762.1251778,activated,11,0.030906878975006543,1662.0,94.87693166372094
25,761.8067756,activated,11,0.030906878975006543,1663.0,96.17441503772329
26,759.5323772999999,activated,11,0.030906878975006543,1664.0,92.6357792037594
27,757.6054054,activated,11,0.030906878975006543,1665.0,91.90069406558939
28,758.9304323,activated,11,0.030906878975006543,1666.0,92.93386486305042
29,760.2720933999999,activated,11,0.030906878975006543,1667.0,95.14244220991941
30,759.9723633,activated,11,0.030906878975006543,1668.0,95.10232170279119
31,760.0721629999998,activated,11,0.030906878975006543,1669.0,93.13691282824061
32,762.9447615,activated,11,0.030906878975006543,1670.0,96.83155011753081
33,763.2613754,activated,11,0.030906878975006543,1671.0,99.67966846697334
34,762.3416959,activated,11,0.030906878975006543,1672.0,95.6064984932857
35,761.2947426,activated,11,0.030906878975006543,1673.0,93.31906818441098
36,756.9321973,activated,11,0.030906878975006543,1674.0,91.0924334589007
37,764.0806456,activated,11,0.030906878975006543,1675.0,99.3842566737269
38,764.6564403,activated,11,0.030906878975006543,1676.0,98.77727406519489
39,767.4977792000002,activated,11,0.030906878975006543,1677.0,102.06779590995814
40,760.9146688999998,activated,11,0.030906878975006543,1678.0,92.08847608364204
41,758.991471,activated,11,0.030906878975006543,1679.0,90.42578393371855
42,756.6594595,activated,11,0.030906878975006543,1680.0,88.575427949144
43,755.4519522999999,activated,11,0.030906878975006543,1681.0,89.10637058528323
44,755.4361541000002,activated,11,0.030906878975006543,1682.0,87.91671340896812
45,753.6424072000002,activated,11,0.030906878975006543,1683.0,85.73949407736939
46,750.1561762,activated,11,0.030906878975006543,1684.0,83.57449540519724
47,749.5209743,activated,11,0.030906878975006543,1685.0,82.09386259013877
48,750.0841059999998,activated,11,0.030906878975006543,1686.0,83.7479578724342
49,746.199611,activated,11,0.030906878975006543,1687.0,79.38687423514568
50,744.0729236000002,activated,11,0.030906878975006543,1688.0,76.33882927428397
51,744.7276744,activated,11,0.030906878975006543,1689.0,76.89911050931323
52,743.2473307,activated,11,0.030906878975006543,1690.0,77.24376355280174
53,741.1327895,activated,11,0.030906878975006543,1691.0,72.91712410333366
54,740.5981363,activated,11,0.030906878975006543,1692.0,73.27396906449201
55,739.80036,activated,11,0.030906878975006543,1693.0,72.22531824726832
56,739.2486545,activated,11,0.030906878975006543,1694.0,72.73457499611197
57,739.1524487,activated,11,0.030906878975006543,1695.0,72.21807066243343
58,737.7692861,activated,11,0.030906878975006543,1696.0,69.95971086532029
59,736.9694197000001,activated,11,0.030906878975006543,1697.0,69.49355701724585
60,737.8396725,activated,11,0.030906878975006543,1698.0,68.94530238695666
61,736.2085871,activated,11,0.030906878975006543,1699.0,70.17925055135515
62,734.2042152,activated,11,0.030906878975006543,1700.0,64.69224139043524
63,734.2487009,activated,11,0.030906878975006543,1701.0,66.10394656489564
64,732.8424536,activated,11,0.030906878975006543,1702.0,65.6212063045682
65,732.2165181,activated,11,0.030906878975006543,1703.0,62.01732303237122
66,729.6543849999998,activated,11,0.030906878975006543,1704.0,61.47023350856239
67,730.9877435,activated,11,0.030906878975006543,1705.0,64.79355249695084
68,733.6690568,activated,11,0.030906878975006543,1706.0,67.15205751024598
69,727.7683804,activated,11,0.030906878975006543,1707.0,62.19878722520582
70,729.6819404,activated,11,0.030906878975006543,1708.0,60.7384742514206
71,728.9680437000002,activated,11,0.030906878975006543,1709.0,60.21374352106659
72,726.4485209,activated,11,0.030906878975006543,1710.0,56.100740975281155
73,727.9523152,activated,11,0.030906878975006543,1711.0,61.29969204893234
74,726.3562574,activated,11,0.030906878975006543,1712.0,55.966037994606836
0,648.9361164,activated,12,0.06682573169467801,1810.8,-24.50461416121084
1,673.4940459,activated,12,0.06682573169467801,1811.8,-1.4385204485668055
2,702.4517897000002,activated,12,0.06682573169467801,1812.8,25.42642904189438
3,731.0486951,activated,12,0.06682573169467801,1813.8,57.920039578147
4,746.38635,activated,12,0.06682573169467801,1814.8,70.50779201277567
5,767.6700671,activated,12,0.06682573169467801,1815.8,93.9479230608788
6,792.9745987000001,activated,12,0.06682573169467801,1816.8,118.17139615776398
7,808.1771185,activated,12,0.06682573169467801,1817.8,131.5991386208418
8,819.9339507,activated,12,0.06682573169467801,1818.8,142.60862397528285
9,832.0587047,activated,12,0.06682573169467801,1819.8,156.58752268452406
10,836.5877899000002,activated,12,0.06682573169467801,1820.8,160.35698166788472
11,848.4638604,activated,12,0.06682573169467801,1821.8,171.99332918697667
12,847.7231457,activated,12,0.06682573169467801,1822.8,172.58144052848922
13,858.0591575,activated,12,0.06682573169467801,1823.8,181.35520118189027
14,858.6228873,activated,12,0.06682573169467801,1824.8,182.208270793132
15,860.7593637,activated,12,0.06682573169467801,1825.8,184.05314126063342
16,863.6322349999998,activated,12,0.06682573169467801,1826.8,189.3950092277172
17,864.2986443,activated,12,0.06682573169467801,1827.8,189.09819644241543
18,867.0972567,activated,12,0.06682573169467801,1828.8,193.17266747057545
19,865.2280141000001,activated,12,0.06682573169467801,1829.8,189.96198567788213
20,866.7033762,activated,12,0.06682573169467801,1830.8,190.47226784698785
21,859.7198479,activated,12,0.06682573169467801,1831.8,183.02527493887203
22,869.2624844000002,activated,12,0.06682573169467801,1832.8,194.22204984045516
23,867.0565274,activated,12,0.06682573169467801,1833.8,189.68589184216853
24,868.3450982999999,activated,12,0.06682573169467801,1834.8,192.23552559544612
25,867.8939356000002,activated,12,0.06682573169467801,1835.8,191.53450675511397
26,873.692728,activated,12,0.06682573169467801,1836.8,197.8009733951269
27,871.5003571000002,activated,12,0.06682573169467801,1837.8,192.87625725076202
28,872.2034081,activated,12,0.06682573169467801,1838.8,196.32347605717052
29,869.1999302999999,activated,12,0.06682573169467801,1839.8,194.18291579948243
30,872.8692136,activated,12,0.06682573169467801,1840.8,196.47502254042251
31,876.2217668,activated,12,0.06682573169467801,1841.8,197.55512746840384
32,877.1065752999998,activated,12,0.06682573169467801,1842.8,200.5563580965013
33,874.1040091,activated,12,0.06682573169467801,1843.8,197.1329322879517
34,874.7088163999998,activated,12,0.06682573169467801,1844.8,195.61805473044296
35,873.5081546,activated,12,0.06682573169467801,1845.8,196.76710021740485
36,874.544686,activated,12,0.06682573169467801,1846.8,195.66663256539687
37,874.2257149000002,activated,12,0.06682573169467801,1847.8,196.54136627381604
38,876.909728,activated,12,0.06682573169467801,1848.8,198.72185446644983
39,881.0062472999998,activated,12,0.06682573169467801,1849.8,202.99948777120858
40,880.2917467,activated,12,0.06682573169467801,1850.8,201.64398198633614
41,878.1046418999998,activated,12,0.06682573169467801,1851.8,203.64477796041115
42,876.3269428,activated,12,0.06682573169467801,1852.8,199.84097269242716
0,675.3960867000002,activated,13,0.06682573169467801,2012.4,-13.673219443342418
1,692.42179,activated,13,0.06682573169467801,2013.4,3.890984355948035
2,723.7770198,activated,13,0.06682573169467801,2014.4,33.85886741381887
3,745.9955119,activated,13,0.06682573169467801,2015.4,57.258553349332146
4,780.6137603,activated,13,0.06682573169467801,2016.4,91.02387604782928
5,795.5347984,activated,13,0.06682573169467801,2017.4,104.84589431975326
6,832.5398438,activated,13,0.06682573169467801,2018.4,143.4604258155416
7,856.4837982999999,activated,13,0.06682573169467801,2019.4,166.99124792664986
8,863.3172352,activated,13,0.06682573169467801,2020.4,173.0422885147808
9,872.5279705,activated,13,0.06682573169467801,2021.4,183.66125973405212
10,879.9640607000001,activated,13,0.06682573169467801,2022.4,191.70238247946497
11,891.0187186,activated,13,0.06682573169467801,2023.4,202.18510367039573
12,897.1519609999998,activated,13,0.06682573169467801,2024.4,205.69867719351805
13,899.7359944,activated,13,0.06682573169467801,2025.4,210.57664686211376
14,904.390571,activated,13,0.06682573169467801,2026.4,214.1978569074771
15,904.3196214,activated,13,0.06682573169467801,2027.4,214.48325844090436
16,908.3348797,activated,13,0.06682573169467801,2028.4,218.39958826272778
17,910.5929457,activated,13,0.06682573169467801,2029.4,218.3208143527121
18,911.8922809,activated,13,0.06682573169467801,2030.4,222.01586723356934
19,910.6395506,activated,13,0.06682573169467801,2031.4,221.15827676813126
20,909.228554,activated,13,0.06682573169467801,2032.4,219.05044546820977
21,917.1153366,activated,13,0.06682573169467801,2033.4,225.9356956168342
22,915.3608964,activated,13,0.06682573169467801,2034.4,223.1073075138844
23,915.4866549,activated,13,0.06682573169467801,2035.4,223.84074622365074
24,917.4569396,activated,13,0.06682573169467801,2036.4,225.53056189726783
25,918.8708102,activated,13,0.06682573169467801,2037.4,227.8172189921039
26,912.8128313,activated,13,0.06682573169467801,2038.4,222.73534791250927
27,922.8641739,activated,13,0.06682573169467801,2039.4,232.09972600093977
28,922.7126716,activated,13,0.06682573169467801,2040.4,231.35177837378558
29,920.4316776,activated,13,0.06682573169467801,2041.4,228.9822762361821
30,916.225262,activated,13,0.06682573169467801,2042.4,225.4377455022693
31,922.426249,activated,13,0.06682573169467801,2043.4,232.7545285666812
32,922.6918222,activated,13,0.06682573169467801,2044.4,232.0395962526269
0,737.5515138999998,activated,14,0.1083782783324549,2203.2,35.27552430981734
1,755.8624147,activated,14,0.1083782783324549,2204.2,53.97704653193091
2,795.8131274,activated,14,0.1083782783324549,2205.2,92.37026801846355
3,817.6007896000001,activated,14,0.1083782783324549,2206.2,115.01817253593879
4,855.2557784,activated,14,0.1083782783324549,2207.2,154.74487541826647
5,879.8620954,activated,14,0.1083782783324549,2208.2,176.35676933413458
6,898.8144802000003,activated,14,0.1083782783324549,2209.2,197.74532412596602
7,916.0176851,activated,14,0.1083782783324549,2210.2,214.84680089297763
8,930.3598456,activated,14,0.1083782783324549,2211.2,227.0287642079577
9,941.8437774,activated,14,0.1083782783324549,2212.2,240.04857092429063
10,948.0974076,activated,14,0.1083782783324549,2213.2,246.48522268261638
11,956.9631724,activated,14,0.1083782783324549,2214.2,253.29364481166465
12,962.9216071,activated,14,0.1083782783324549,2215.2,259.0065151820281
13,965.979946,activated,14,0.1083782783324549,2216.2,262.91136994488784
14,969.3362731,activated,14,0.1083782783324549,2217.2,269.8955332925891
15,970.8445728,activated,14,0.1083782783324549,2218.2,267.3325540434198
16,972.5832612,activated,14,0.1083782783324549,2219.2,269.5869903155183
17,973.5073765,activated,14,0.1083782783324549,2220.2,271.0562445333039
18,977.915354,activated,14,0.1083782783324549,2221.2,276.0290626993924
19,980.3459634,activated,14,0.1083782783324549,2222.2,277.69098945234464
20,975.9266409,activated,14,0.1083782783324549,2223.2,272.6021273994596
21,978.3929863,activated,14,0.1083782783324549,2224.2,276.87644469295446
22,975.9805847,activated,14,0.1083782783324549,2225.2,271.7483494440829
23,977.845287,activated,14,0.1083782783324549,2226.2,275.29964042719996
24,979.5743316,activated,14,0.1083782783324549,2227.2,273.6452602928424
25,978.5866345,activated,14,0.1083782783324549,2228.2,274.13547307772774
26,978.8658751,activated,14,0.1083782783324549,2229.2,275.6363592415863
27,980.0581996,activated,14,0.1083782783324549,2230.2,276.009207288217
28,983.0099283,activated,14,0.1083782783324549,2231.2,280.14216924102675
29,981.5807647,activated,14,0.1083782783324549,2232.2,277.4898735828375
0,732.5521932,activated,15,0.1083782783324549,2376.0,18.750472695635835
1,752.5820767999999,activated,15,0.1083782783324549,2377.0,37.85852800556654
2,791.4101489,activated,15,0.1083782783324549,2378.0,77.78586122899333
3,825.4965077,activated,15,0.1083782783324549,2379.0,111.26556927708259
4,855.2280024,activated,15,0.1083782783324549,2380.0,141.52410306202637
5,873.2806688999998,activated,15,0.1083782783324549,2381.0,159.67107091083324
6,892.7089268,activated,15,0.1083782783324549,2382.0,177.46565168946222
7,908.3203066,activated,15,0.1083782783324549,2383.0,192.9493109301476
8,926.8458385,activated,15,0.1083782783324549,2384.0,210.80637459636569
9,943.5871745,activated,15,0.1083782783324549,2385.0,229.64242697475333
10,970.9342584,activated,15,0.1083782783324549,2386.0,255.99946066332154
11,988.85244,activated,15,0.1083782783324549,2387.0,273.3676755452782
12,999.4060383,activated,15,0.1083782783324549,2388.0,284.8415040443864
13,1005.397039,activated,15,0.1083782783324549,2389.0,291.9613074052344
14,1010.08406,activated,15,0.1083782783324549,2390.0,295.1430409409264
15,1013.301971,activated,15,0.1083782783324549,2391.0,298.5410570252733
16,1017.953952,activated,15,0.1083782783324549,2392.0,304.6130648455145
18,1018.112643,activated,15,0.1083782783324549,2394.0,301.14198913271537
19,1022.19773,activated,15,0.1083782783324549,2395.0,308.61473482078577
20,1018.032531,activated,15,0.1083782783324549,2396.0,307.42123622574275
21,1019.20965,activated,15,0.1083782783324549,2397.0,306.14221640221115
22,1023.852405,activated,15,0.1083782783324549,2398.0,309.65369711852566
23,1019.034168,activated,15,0.1083782783324549,2399.0,303.96154969529334
24,1017.556048,activated,15,0.1083782783324549,2400.0,302.98096877224646
25,1022.577118,activated,15,0.1083782783324549,2401.0,307.33414565413887
26,1022.774541,activated,15,0.1083782783324549,2402.0,308.2609694690442
27,1019.342724,activated,15,0.1083782783324549,2403.0,304.53380273698406
28,1023.691503,activated,15,0.1083782783324549,2404.0,308.3495082049617
29,1020.763277,activated,15,0.1083782783324549,2405.0,306.51062321516895
0,712.0386449,activated,16,0.17576838915843104,2563.2,-22.14396289559147
1,734.5864546,activated,16,0.17576838915843104,2564.2,-0.22934056335429887
2,780.0178361000002,activated,16,0.17576838915843104,2565.2,43.99384554231585
3,822.5975963,activated,16,0.17576838915843104,2566.2,89.02462852162535
4,857.9023543,activated,16,0.17576838915843104,2567.2,121.21123128477609
5,893.4672918,activated,16,0.17576838915843104,2568.2,155.7774820427702
6,927.6176677,activated,16,0.17576838915843104,2569.2,192.11320493445874
7,958.5972015,activated,16,0.17576838915843104,2570.2,223.9400563379504
8,979.5195111,activated,16,0.17576838915843104,2571.2,243.80088267012832
9,999.1300374,activated,16,0.17576838915843104,2572.2,265.7952715738263
10,1017.949389,activated,16,0.17576838915843104,2573.2,279.94572696923353
11,1033.232415,activated,16,0.17576838915843104,2574.2,298.75108058395415
12,1045.379133,activated,16,0.17576838915843104,2575.2,307.3078162712692
13,1057.624588,activated,16,0.17576838915843104,2576.2,321.1008640029636
14,1063.745487,activated,16,0.17576838915843104,2577.2,325.8433053440276
15,1070.488234,activated,16,0.17576838915843104,2578.2,333.5929486883132
16,1101.25035,activated,16,0.17576838915843104,2579.2,366.7037185170145
17,1113.012245,activated,16,0.17576838915843104,2580.2,374.3398360989719
18,1123.839452,activated,16,0.17576838915843104,2581.2,384.907700965357
19,1120.806468,activated,16,0.17576838915843104,2582.2,382.70263133728747
20,1117.577217,activated,16,0.17576838915843104,2583.2,379.58865714006515
21,1121.6418210000004,activated,16,0.17576838915843104,2584.2,385.47739919883986
22,1118.014631,activated,16,0.17576838915843104,2585.2,377.5168021370058
23,1128.772329,activated,16,0.17576838915843104,2586.2,389.4283093536727
24,1138.570912,activated,16,0.17576838915843104,2587.2,398.1845192795331
25,1138.224496,activated,16,0.17576838915843104,2588.2,400.2440495900647
26,1139.05824,activated,16,0.17576838915843104,2589.2,398.05376859812725
27,1134.234592,activated,16,0.17576838915843104,2590.2,394.6275625614585
28,1130.473127,activated,16,0.17576838915843104,2591.2,392.02475951401107
29,1127.93942,activated,16,0.17576838915843104,2592.2,388.19147158560804
30,1124.769327,activated,16,0.17576838915843104,2593.2,385.28052489460856
31,1125.330223,activated,16,0.17576838915843104,2594.2,385.21386413775383
32,1120.748077,activated,16,0.17576838915843104,2595.2,379.1779183393237
0,747.2127791,activated,17,0.17576838915843104,2743.2,-28.639363623094596
1,776.2670479,activated,17,0.17576838915843104,2744.2,-1.9664077486592078
2,818.2633553,activated,17,0.17576838915843104,2745.2,39.64090373395686
3,861.0948877999997,activated,17,0.17576838915843104,2746.2,82.69299080043334
4,897.5380265000001,activated,17,0.17576838915843104,2747.2,118.63465802324379
5,930.9968473,activated,17,0.17576838915843104,2748.2,152.93000657061987
6,951.4347142,activated,17,0.17576838915843104,2749.2,173.63431081111298
7,972.6402415,activated,17,0.17576838915843104,2750.2,194.48274570217745
8,988.2666299,activated,17,0.17576838915843104,2751.2,209.38212399134932
9,1007.414039,activated,17,0.17576838915843104,2752.2,229.41993979895597
10,1014.966267,activated,17,0.17576838915843104,2753.2,236.01048497207978
11,1024.989323,activated,17,0.17576838915843104,2754.2,242.79234243251767
12,1036.579023,activated,17,0.17576838915843104,2755.2,257.2449705569078
13,1035.271368,activated,17,0.17576838915843104,2756.2,254.35021199991445
14,1039.213963,activated,17,0.17576838915843104,2757.2,259.74339576109287
15,1049.708671,activated,17,0.17576838915843104,2758.2,269.0824488934338
16,1044.987773,activated,17,0.17576838915843104,2759.2,263.5943011364393
17,1052.723122,activated,17,0.17576838915843104,2760.2,269.5561812334731
18,1050.592748,activated,17,0.17576838915843104,2761.2,270.7649848352279
19,1051.648724,activated,17,0.17576838915843104,2762.2,270.15152566923484
20,1049.850193,activated,17,0.17576838915843104,2763.2,268.3536913088915
21,1050.084977,activated,17,0.17576838915843104,2764.2,266.32044691589977
22,1054.210863,activated,17,0.17576838915843104,2765.2,271.9562724507549
23,1055.797265,activated,17,0.17576838915843104,2766.2,272.2227424223537
24,1053.227288,activated,17,0.17576838915843104,2767.2,270.7358488764361
25,1062.617575,activated,17,0.17576838915843104,2768.2,277.4954146672851
26,1058.801144,activated,17,0.17576838915843104,2769.2,273.94800947404224
27,1060.188336,activated,17,0.17576838915843104,2770.2,274.9244011575413
28,1060.006091,activated,17,0.17576838915843104,2771.2,274.09276842336374
29,1062.172677,activated,17,0.17576838915843104,2772.2,278.09021106994373
30,1067.037257,activated,17,0.17576838915843104,2773.2,282.16893084234414
31,1072.352501,activated,17,0.17576838915843104,2774.2,286.5708030794227
32,1065.824734,activated,17,0.17576838915843104,2775.2,277.9225842933864
33,1062.903167,activated,17,0.17576838915843104,2776.2,275.3739173223887
34,1061.157779,activated,17,0.17576838915843104,2777.2,272.8258145474407
35,1063.628148,activated,17,0.17576838915843104,2778.2,278.9485228695097
0,875.8005747999998,activated,18,0.2850619801560182,3024.0,7.73870616227282
1,920.8199959,activated,18,0.2850619801560182,3025.0,53.32305346506075
2,994.7938166,activated,18,0.2850619801560182,3026.0,124.14637949872565
3,1066.908497,activated,18,0.2850619801560182,3027.0,200.06299890572757
4,1124.9861,activated,18,0.2850619801560182,3028.0,256.8721613642591
5,1172.564879,activated,18,0.2850619801560182,3029.0,300.16746185674674
6,1207.802537,activated,18,0.2850619801560182,3030.0,338.20475671522615
7,1238.208256,activated,18,0.2850619801560182,3031.0,367.9573016865876
8,1257.335483,activated,18,0.2850619801560182,3032.0,386.4451770216673
9,1271.020408,activated,18,0.2850619801560182,3033.0,399.2993905892173
10,1283.120318,activated,18,0.2850619801560182,3034.0,412.9104035160823
11,1294.2224,activated,18,0.2850619801560182,3035.0,421.4327939364772
12,1310.09386,activated,18,0.2850619801560182,3036.0,439.62221995150617
13,1317.957732,activated,18,0.2850619801560182,3037.0,445.0432853707789
14,1325.255198,activated,18,0.2850619801560182,3038.0,453.78624844751016
15,1325.818109,activated,18,0.2850619801560182,3039.0,453.20299714426426
16,1333.658008,activated,18,0.2850619801560182,3040.0,461.49241688416225
17,1344.357001,activated,18,0.2850619801560182,3041.0,470.0350653858891
18,1336.357976,activated,18,0.2850619801560182,3042.0,461.6586622979329
19,1342.972538,activated,18,0.2850619801560182,3043.0,467.7035308548151
20,1341.361262,activated,18,0.2850619801560182,3044.0,465.6867779385133
21,1366.558568,activated,18,0.2850619801560182,3045.0,493.8700155731293
22,1378.369216,activated,18,0.2850619801560182,3046.0,503.0732782495876
23,1371.420501,activated,18,0.2850619801560182,3047.0,497.18656404288936
24,1372.404836,activated,18,0.2850619801560182,3048.0,496.60406710756513
25,1364.0984,activated,18,0.2850619801560182,3049.0,487.5614598514228
26,1363.9812869999996,activated,18,0.2850619801560182,3050.0,485.5373358908538
27,1356.414393,activated,18,0.2850619801560182,3051.0,483.1986947425821
28,1356.621262,activated,18,0.2850619801560182,3052.0,478.2575435792131
29,1351.373763,activated,18,0.2850619801560182,3053.0,475.2369881131988
30,1356.498911,activated,18,0.2850619801560182,3054.0,479.0666620977373
31,1358.973246,activated,18,0.2850619801560182,3055.0,479.7450349751997
32,1353.96517,activated,18,0.2850619801560182,3056.0,473.84269054473475
33,1356.332308,activated,18,0.2850619801560182,3057.0,479.9042506491862
0,882.823944,activated,19,0.2850619801560182,3315.6,-32.20864214257722
1,932.8048654,activated,19,0.2850619801560182,3316.6,19.085142449179443
2,1033.992963,activated,19,0.2850619801560182,3317.6,116.70468362622626
3,1115.701367,activated,19,0.2850619801560182,3318.6,197.91289432661324
4,1168.579319,activated,19,0.2850619801560182,3319.6,253.67255681411325
5,1206.295184,activated,19,0.2850619801560182,3320.6,290.42580852485514
6,1223.405568,activated,19,0.2850619801560182,3321.6,308.1607861730954
7,1238.68334,activated,19,0.2850619801560182,3322.6,322.109314436299
8,1253.97713,activated,19,0.2850619801560182,3323.6,337.73520821948955
9,1266.092484,activated,19,0.2850619801560182,3324.6,351.11704788644124
10,1265.772781,activated,19,0.2850619801560182,3325.6,349.6187741141266
11,1277.683688,activated,19,0.2850619801560182,3326.6,362.14289498574885
12,1290.167434,activated,19,0.2850619801560182,3327.6,373.6634752880707
13,1292.955456,activated,19,0.2850619801560182,3328.6,375.5932597140346
14,1295.040491,activated,19,0.2850619801560182,3329.6,378.2821313753212
15,1295.19222,activated,19,0.2850619801560182,3330.6,380.38279940079826
16,1296.701327,activated,19,0.2850619801560182,3331.6,380.9301658996553
17,1299.211287,activated,19,0.2850619801560182,3332.6,384.3034670164294
18,1296.816733,activated,19,0.2850619801560182,3333.6,382.30685186121457
19,1302.601068,activated,19,0.2850619801560182,3334.6,388.1937775575286
20,1300.325735,activated,19,0.2850619801560182,3335.6,385.62882533973595
21,1300.155677,activated,19,0.2850619801560182,3336.6,383.8646451968672
22,1304.501826,activated,19,0.2850619801560182,3337.6,390.12799247491955
23,1312.776666,activated,19,0.2850619801560182,3338.6,398.274802186638
24,1310.350173,activated,19,0.2850619801560182,3339.6,393.60672199780527
25,1311.11367,activated,19,0.2850619801560182,3340.6,395.13077566745153
26,1309.727309,activated,19,0.2850619801560182,3341.6,393.2899317196328
27,1309.543664,activated,19,0.2850619801560182,3342.6,395.0245639490953
28,1308.499869,activated,19,0.2850619801560182,3343.6,395.0336606428027
29,1309.437472,activated,19,0.2850619801560182,3344.6,393.5034419507416
30,1309.753006,activated,19,0.2850619801560182,3345.6,395.77634204702633
31,1303.568468,activated,19,0.2850619801560182,3346.6,387.016956399626
32,1308.661852,activated,19,0.2850619801560182,3347.6,393.49270538850965
33,1299.429251,activated,19,0.2850619801560182,3348.6,385.75050655112875
0,953.7095538,activated,20,0.4623148275952227,3546.0,80.18441460595034
1,1033.0679189999996,activated,20,0.4623148275952227,3547.0,159.5970565758024
2,1142.454048,activated,20,0.4623148275952227,3548.0,269.37015906220165
3,1237.518936,activated,20,0.4623148275952227,3549.0,366.04769166205824
4,1312.758208,activated,20,0.4623148275952227,3550.0,443.65137136673184
5,1400.573815,activated,20,0.4623148275952227,3551.0,531.4581454821596
6,1458.681128,activated,20,0.4623148275952227,3552.0,588.9194841425906
7,1483.601155,activated,20,0.4623148275952227,3553.0,613.905180254286
8,1497.805278,activated,20,0.4623148275952227,3554.0,627.0609359159067
9,1505.373246,activated,20,0.4623148275952227,3555.0,635.0854096404166
10,1507.771794,activated,20,0.4623148275952227,3556.0,640.2507201856523
11,1514.651168,activated,20,0.4623148275952227,3557.0,647.3144430612887
12,1510.7959939999996,activated,20,0.4623148275952227,3558.0,644.5375644597327
13,1506.990931,activated,20,0.4623148275952227,3559.0,639.1930974616213
14,1512.931175,activated,20,0.4623148275952227,3560.0,645.732211999613
15,1505.930705,activated,20,0.4623148275952227,3561.0,638.3681865985892
16,1510.712317,activated,20,0.4623148275952227,3562.0,644.4794154131644
17,1508.049467,activated,20,0.4623148275952227,3563.0,641.0545616664798
18,1503.722815,activated,20,0.4623148275952227,3564.0,636.1711042147163
19,1506.432514,activated,20,0.4623148275952227,3565.0,637.6695764806559
20,1507.049212,activated,20,0.4623148275952227,3566.0,640.6152646299607
21,1503.5550380000002,activated,20,0.4623148275952227,3567.0,637.2256492408709
22,1495.943896,activated,20,0.4623148275952227,3568.0,629.9366239064692
23,1504.227811,activated,20,0.4623148275952227,3569.0,640.2459801586122
24,1496.689523,activated,20,0.4623148275952227,3570.0,633.8230776422786
0,739.4916655000002,activated,21,0.4623148275952227,3736.8,-63.97655542102325
1,803.0275437999999,activated,21,0.4623148275952227,3737.8,0.8030949608834135
2,895.3433158,activated,21,0.4623148275952227,3738.8,91.4373735001227
3,971.8589311,activated,21,0.4623148275952227,3739.8,165.52301907836147
4,1028.013,activated,21,0.4623148275952227,3740.8,223.21687507508705
5,1072.093187,activated,21,0.4623148275952227,3741.8,272.12471587246546
6,1101.61491,activated,21,0.4623148275952227,3742.8,300.52046549621673
7,1122.54194,activated,21,0.4623148275952227,3743.8,320.9237128005901
8,1139.164874,activated,21,0.4623148275952227,3744.8,337.106939731599
9,1151.058281,activated,21,0.4623148275952227,3745.8,350.13491879907247
10,1159.798212,activated,21,0.4623148275952227,3746.8,360.4750269401418
11,1170.312648,activated,21,0.4623148275952227,3747.8,370.1897592515145
12,1173.910651,activated,21,0.4623148275952227,3748.8,372.1126107978009
13,1175.609452,activated,21,0.4623148275952227,3749.8,374.49498451042996
14,1178.290069,activated,21,0.4623148275952227,3750.8,380.26563772666657
15,1173.56258,activated,21,0.4623148275952227,3751.8,375.7296008374675
16,1177.024827,activated,21,0.4623148275952227,3752.8,379.013696930003
17,1179.51169,activated,21,0.4623148275952227,3753.8,379.7733025893963
18,1183.861346,activated,21,0.4623148275952227,3754.8,385.10746437015416
19,1183.927071,activated,21,0.4623148275952227,3755.8,385.3273017686156
20,1180.331727,activated,21,0.4623148275952227,3756.8,382.3831259091537
21,1182.847818,activated,21,0.4623148275952227,3757.8,382.38788804301237
22,1185.545586,activated,21,0.4623148275952227,3758.8,389.2645578986071
0,734.8483292999998,activated,22,0.7167760902209894,3906.0,-31.65174658960791
1,840.7152610999998,activated,22,0.7167760902209894,3907.0,69.84711737482155
2,975.0573112,activated,22,0.7167760902209894,3908.0,204.27944556607235
3,1049.413824,activated,22,0.7167760902209894,3909.0,281.7744342241449
4,1120.405133,activated,22,0.7167760902209894,3910.0,350.6663521601903
5,1164.65388,activated,22,0.7167760902209894,3911.0,395.6846814910888
6,1195.880239,activated,22,0.7167760902209894,3912.0,425.3056832590304
7,1201.575075,activated,22,0.7167760902209894,3913.0,432.5584719649513
8,1225.607757,activated,22,0.7167760902209894,3914.0,457.20953118038005
9,1231.101768,activated,22,0.7167760902209894,3915.0,461.44367583347776
10,1239.576619,activated,22,0.7167760902209894,3916.0,470.63207023848736
11,1244.786141,activated,22,0.7167760902209894,3917.0,478.31894189632715
12,1244.25896,activated,22,0.7167760902209894,3918.0,474.43513528800713
13,1245.394229,activated,22,0.7167760902209894,3919.0,477.1092506845433
14,1246.685685,activated,22,0.7167760902209894,3920.0,475.9624462148064
15,1241.421378,activated,22,0.7167760902209894,3921.0,473.6751684801195
16,1249.199013,activated,22,0.7167760902209894,3922.0,481.6388217769497
17,1249.104886,activated,22,0.7167760902209894,3923.0,480.70721532940524
18,1252.7588,activated,22,0.7167760902209894,3924.0,485.52412546626965
19,1259.955462,activated,22,0.7167760902209894,3925.0,490.58047918210013
0,788.3788602999998,activated,23,0.7167760902209894,4140.0,-27.80123919201185
1,895.9317328,activated,23,0.7167760902209894,4141.0,77.28807088222084
2,1025.752042,activated,23,0.7167760902209894,4142.0,206.66672019379678
3,1126.695555,activated,23,0.7167760902209894,4143.0,307.70765683562945
4,1198.567788,activated,23,0.7167760902209894,4144.0,379.19351276966336
5,1248.319401,activated,23,0.7167760902209894,4145.0,429.094429679162
6,1277.863698,activated,23,0.7167760902209894,4146.0,460.1784199556349
7,1300.123993,activated,23,0.7167760902209894,4147.0,478.1628523687896
8,1312.465846,activated,23,0.7167760902209894,4148.0,492.04445703387216
9,1329.4086630000004,activated,23,0.7167760902209894,4149.0,509.42068697482
10,1327.721903,activated,23,0.7167760902209894,4150.0,508.3174457560707
11,1332.96906,activated,23,0.7167760902209894,4151.0,512.9151687402466
12,1337.33355,activated,23,0.7167760902209894,4152.0,514.1605985931346
13,1333.516399,activated,23,0.7167760902209894,4153.0,510.3920396661056
14,1350.330287,activated,23,0.7167760902209894,4154.0,526.3427136350383
15,1343.9805789999998,activated,23,0.7167760902209894,4155.0,520.5489572597547
16,1338.73434,activated,23,0.7167760902209894,4156.0,515.2861354412657
17,1347.960246,activated,23,0.7167760902209894,4157.0,525.0539673599889
18,1351.377124,activated,23,0.7167760902209894,4158.0,527.5326628002189
19,1352.131338,activated,23,0.7167760902209894,4159.0,525.1765332997838
0,1059.164171,activated,24,1.1960507914349403,4482.0,29.52948603509867
1,1279.525427,activated,24,1.1960507914349403,4483.0,250.29761125037567
2,1508.430894,activated,24,1.1960507914349403,4484.0,475.79234636265846
3,1649.309275,activated,24,1.1960507914349403,4485.0,614.7898315163443
4,1729.581932,activated,24,1.1960507914349403,4486.0,698.4005880704394
5,1767.444927,activated,24,1.1960507914349403,4487.0,736.1087430143223
6,1810.734113,activated,24,1.1960507914349403,4488.0,776.8327076506073
7,1828.041234,activated,24,1.1960507914349403,4489.0,793.1267867374788
8,1839.599936,activated,24,1.1960507914349403,4490.0,802.5401430742743
9,1845.333614,activated,24,1.1960507914349403,4491.0,808.1661064102193
10,1846.693129,activated,24,1.1960507914349403,4492.0,809.1587699099839
11,1853.200795,activated,24,1.1960507914349403,4493.0,815.9585434201335
12,1862.576073,activated,24,1.1960507914349403,4494.0,823.0274126306706
13,1862.280141,activated,24,1.1960507914349403,4495.0,821.8214407806424
14,1859.820617,activated,24,1.1960507914349403,4496.0,821.5275407086592
15,1861.724499,activated,24,1.1960507914349403,4497.0,822.6783274642141
16,1867.601155,activated,24,1.1960507914349403,4498.0,825.3724880496957
17,1865.171922,activated,24,1.1960507914349403,4499.0,822.1892957969583
0,1092.674375,activated,25,1.1960507914349403,4662.0,-32.75702878406355
1,1316.020536,activated,25,1.1960507914349403,4663.0,190.5411114285264
2,1546.378349,activated,25,1.1960507914349403,4664.0,422.82332426399375
3,1717.4426629999996,activated,25,1.1960507914349403,4665.0,593.9470864822497
4,1813.099776,activated,25,1.1960507914349403,4666.0,686.3138125896296
5,1857.921375,activated,25,1.1960507914349403,4667.0,734.2146399353944
6,1902.380138,activated,25,1.1960507914349403,4668.0,778.5908179111211
7,1920.6649170000005,activated,25,1.1960507914349403,4669.0,792.2161104581216
8,1925.80061,activated,25,1.1960507914349403,4670.0,800.0184841846435
9,1949.602415,activated,25,1.1960507914349403,4671.0,819.8432011384568
10,1954.724046,activated,25,1.1960507914349403,4672.0,827.8207552595211
11,1964.925311,activated,25,1.1960507914349403,4673.0,839.8910072467565
12,1957.533684,activated,25,1.1960507914349403,4674.0,830.8161245045794
13,1964.480744,activated,25,1.1960507914349403,4675.0,838.2721295914923
14,1967.13632,activated,25,1.1960507914349403,4676.0,841.4694737098137
15,1966.039487,activated,25,1.1960507914349403,4677.0,840.230894970483
16,1969.612483,activated,25,1.1960507914349403,4678.0,840.2354276248657
0,1280.195901,activated,26,1.9397606623469608,4834.8,128.99899303116786
1,1598.903945,activated,26,1.9397606623469608,4835.8,446.6153403731373
2,1866.014898,activated,26,1.9397606623469608,4836.8,714.8255554395246
3,2005.835922,activated,26,1.9397606623469608,4837.8,852.6423281361638
4,2078.125381,activated,26,1.9397606623469608,4838.8,927.3165898759705
5,2118.847493,activated,26,1.9397606623469608,4839.8,968.0387617599101
6,2141.231562,activated,26,1.9397606623469608,4840.8,988.1574373072438
7,2149.28727,activated,26,1.9397606623469608,4841.8,997.4254960862163
8,2155.664151,activated,26,1.9397606623469608,4842.8,1003.7980671571061
9,2163.509252,activated,26,1.9397606623469608,4843.8,1011.5872712711789
10,2170.112079,activated,26,1.9397606623469608,4844.8,1021.0586300523735
11,2171.49573,activated,26,1.9397606623469608,4845.8,1018.7032324044915
12,2176.689610000001,activated,26,1.9397606623469608,4846.8,1025.45258382916
13,2184.889,activated,26,1.9397606623469608,4847.8,1035.087610115455
14,2172.599147,activated,26,1.9397606623469608,4848.8,1018.1283768561084
0,1001.869695,activated,27,1.9397606623469608,4982.4,-125.00461662250939
1,1307.10686,activated,27,1.9397606623469608,4983.4,180.81953728220265
2,1575.048097,activated,27,1.9397606623469608,4984.4,451.5811125832038
3,1714.855308,activated,27,1.9397606623469608,4985.4,591.1513154594015
4,1784.100973,activated,27,1.9397606623469608,4986.4,660.4547658381728
5,1822.71684,activated,27,1.9397606623469608,4987.4,696.9325854280514
6,1849.273057,activated,27,1.9397606623469608,4988.4,725.6449560295209
7,1849.7673,activated,27,1.9397606623469608,4989.4,729.3755488392094
8,1870.325474,activated,27,1.9397606623469608,4990.4,743.6509253077866
9,1869.375429,activated,27,1.9397606623469608,4991.4,745.274952001618
10,1874.744431,activated,27,1.9397606623469608,4992.4,752.8116014534396
11,1866.068012,activated,27,1.9397606623469608,4993.4,743.5433672647348
12,1875.029762,activated,27,1.9397606623469608,4994.4,753.0820242985726
13,1878.433181,activated,27,1.9397606623469608,4995.4,755.7030430594618
14,1885.89721,activated,27,1.9397606623469608,4996.4,762.7487236433014
15,1885.720347,activated,27,1.9397606623469608,4997.4,766.5929134041057
0,1142.283096,activated,28,3.145912743951723,5126.4,66.98482299118382
1,1522.229164,activated,28,3.145912743951723,5127.4,448.81662344054575
2,1663.3983449999996,activated,28,3.145912743951723,5128.4,589.4926040027017
3,1846.734212,activated,28,3.145912743951723,5129.4,775.6693310820901
4,2048.824827,activated,28,3.145912743951723,5130.4,978.6743024687737
5,2097.334653000001,activated,28,3.145912743951723,5131.4,1027.1293118978406
6,2127.142869,activated,28,3.145912743951723,5132.4,1054.6579255009087
7,2138.737219,activated,28,3.145912743951723,5133.4,1068.7199554727306
8,2151.546799,activated,28,3.145912743951723,5134.4,1081.0375438867227
9,2171.6672510000008,activated,28,3.145912743951723,5135.4,1101.5061971220762
10,2167.789863,activated,28,3.145912743951723,5136.4,1098.5478274910733
11,2177.505373,activated,28,3.145912743951723,5137.4,1108.207521781898
12,2178.235126,activated,28,3.145912743951723,5138.4,1110.4368557329226
13,2187.112358,activated,28,3.145912743951723,5139.4,1117.7771817842122
0,1064.311348,activated,29,3.145912743951723,5414.4,98.69412380676397
1,1421.471733,activated,29,3.145912743951723,5415.4,459.41206764138747
2,1646.856626,activated,29,3.145912743951723,5416.4,683.7652435801317
3,1745.090063,activated,29,3.145912743951723,5417.4,781.3621260511088
4,1783.0297039999996,activated,29,3.145912743951723,5418.4,820.0908788291225
5,1814.858345,activated,29,3.145912743951723,5419.4,851.0407480548912
6,1825.22161,activated,29,3.145912743951723,5420.4,861.7728090275591
7,1837.844701,activated,29,3.145912743951723,5421.4,876.5192318997084
8,1844.881633,activated,29,3.145912743951723,5422.4,880.37244116977
9,1849.511992,activated,29,3.145912743951723,5423.4,887.4465946148688
10,1853.65345,activated,29,3.145912743951723,5424.4,892.7027503915853
11,1859.724179,activated,29,3.145912743951723,5425.4,899.3057474699514
12,1863.354759,activated,29,3.145912743951723,5426.4,902.5250412681864
13,1867.772294,activated,29,3.145912743951723,5427.4,904.9205959370654
14,1865.227044,activated,29,3.145912743951723,5428.4,905.0611216813052
15,1870.118257,activated,29,3.145912743951723,5429.4,909.5951045567131
16,1858.694116,activated,29,3.145912743951723,5430.4,896.8567622956415
17,1858.251441,activated,29,3.145912743951723,5431.4,899.204108950116
0,860.3108079,activated,30,3.146126245437886,5623.2,-83.8037189147077
1,1108.70124,activated,30,3.146126245437886,5624.2,162.90093783992438
2,1313.7490699999996,activated,30,3.146126245437886,5625.2,367.7539136995292
3,1394.555346,activated,30,3.146126245437886,5626.2,449.2018649844522
4,1433.792139,activated,30,3.146126245437886,5627.2,488.7970324876975
5,1462.927291,activated,30,3.146126245437886,5628.2,516.9110891029443
6,1479.771214,activated,30,3.146126245437886,5629.2,533.4373381288963
7,1487.02449,activated,30,3.146126245437886,5630.2,540.8903434991463
8,1494.645943,activated,30,3.146126245437886,5631.2,547.0259574102906
9,1488.869968,activated,30,3.146126245437886,5632.2,541.8367895927196
10,1497.845833,activated,30,3.146126245437886,5633.2,551.2136599992211
11,1502.795233,activated,30,3.146126245437886,5634.2,558.0522767148498
12,1500.963898,activated,30,3.146126245437886,5635.2,554.6262514425023
13,1499.400708,activated,30,3.146126245437886,5636.2,553.7299803329415
14,1498.314042,activated,30,3.146126245437886,5637.2,548.5278488308552
15,1509.913984,activated,30,3.146126245437886,5638.2,560.9436192421447
16,1501.4304,activated,30,3.146126245437886,5639.2,555.0245540342446
17,1497.502029,activated,30,3.146126245437886,5640.2,550.9066241565813
18,1502.291619,activated,30,3.146126245437886,5641.2,552.9774353113241
19,1500.027979,activated,30,3.146126245437886,5642.2,552.3355163254114
0,896.0365082999998,activated,31,3.146126245437886,5785.2,-96.84855263591555
1,1164.720208,activated,31,3.146126245437886,5786.2,172.91150925231864
2,1364.452161,activated,31,3.146126245437886,5787.2,368.0172743199437
3,1469.852068,activated,31,3.146126245437886,5788.2,475.7460149407808
4,1517.68914,activated,31,3.146126245437886,5789.2,523.938507384196
5,1538.776242,activated,31,3.146126245437886,5790.2,544.3558611669552
6,1555.181682,activated,31,3.146126245437886,5791.2,560.353241359548
7,1569.082434,activated,31,3.146126245437886,5792.2,573.9763417132816
8,1577.883206,activated,31,3.146126245437886,5793.2,582.7633040763513
9,1583.70308,activated,31,3.146126245437886,5794.2,586.9566924708616
10,1587.251139,activated,31,3.146126245437886,5795.2,591.012816525227
11,1597.343415,activated,31,3.146126245437886,5796.2,598.8958652455498
12,1597.043586,activated,31,3.146126245437886,5797.2,599.7968425038879
13,1597.904079,activated,31,3.146126245437886,5798.2,601.9003505300159
14,1589.819677,activated,31,3.146126245437886,5799.2,591.1740569982122
15,1595.3366210000004,activated,31,3.146126245437886,5800.2,598.1529090019848
16,1593.492937,activated,31,3.146126245437886,5801.2,593.4538082837677
17,1598.725288,activated,31,3.146126245437886,5802.2,597.3423756226148
18,1592.38282,activated,31,3.146126245437886,5803.2,592.7902970271281
19,1592.291346,activated,31,3.146126245437886,5804.2,591.0359144878855
0,1263.061137,activated,32,0.030906878975006543,5954.4,176.73860439685086
1,1271.258513,activated,32,0.030906878975006543,5955.4,185.5669026223784
2,1293.885453,activated,32,0.030906878975006543,5956.4,207.7619560916687
3,1301.9490119999996,activated,32,0.030906878975006543,5957.4,211.731205537081
4,1309.089285,activated,32,0.030906878975006543,5958.4,221.38498908459974
5,1319.140895,activated,32,0.030906878975006543,5959.4,230.92310857675102
6,1318.391343,activated,32,0.030906878975006543,5960.4,229.00574605104975
7,1334.190269,activated,32,0.030906878975006543,5961.4,244.67612991973806
8,1345.239098,activated,32,0.030906878975006543,5962.4,256.0318345058895
9,1341.809057,activated,32,0.030906878975006543,5963.4,249.98526690887957
10,1350.143647,activated,32,0.030906878975006543,5964.4,256.5522784599814
11,1349.815165,activated,32,0.030906878975006543,5965.4,257.8663002708606
12,1358.551526,activated,32,0.030906878975006543,5966.4,267.1656739374664
13,1360.225059,activated,32,0.030906878975006543,5967.4,266.3379229407635
14,1362.280228,activated,32,0.030906878975006543,5968.4,268.24623640977507
15,1365.823944,activated,32,0.030906878975006543,5969.4,272.0070492519178
16,1367.1199869999996,activated,32,0.030906878975006543,5970.4,272.9441392830654
17,1375.040189,activated,32,0.030906878975006543,5971.4,280.32155392218533
18,1378.64675,activated,32,0.030906878975006543,5972.4,280.24948892288853
19,1376.210892,activated,32,0.030906878975006543,5973.4,278.605706708938
20,1378.185717,activated,32,0.030906878975006543,5974.4,278.525987607811
21,1359.659518,activated,32,0.030906878975006543,5975.4,260.5097648378446
22,1368.164485,activated,32,0.030906878975006543,5976.4,271.0203653631663
23,1377.041757,activated,32,0.030906878975006543,5977.4,275.7187099130631
24,1370.40202,activated,32,0.030906878975006543,5978.4,269.1281608129525
25,1373.358806,activated,32,0.030906878975006543,5979.4,273.9915991659907
26,1374.280216,activated,32,0.030906878975006543,5980.4,273.34178066058234
27,1375.217482,activated,32,0.030906878975006543,5981.4,274.1085935256199
28,1372.046529,activated,32,0.030906878975006543,5982.4,268.9582426568802
29,1375.562052,activated,32,0.030906878975006543,5983.4,271.1923624152737
30,1366.244869,activated,32,0.030906878975006543,5984.4,262.28754677720826
31,1375.199001,activated,32,0.030906878975006543,5985.4,271.656526878588
32,1367.227642,activated,32,0.030906878975006543,5986.4,263.9803412603367
33,1362.145336,activated,32,0.030906878975006543,5987.4,257.02070643886987
34,1360.118182,activated,32,0.030906878975006543,5988.4,253.18723935734238
35,1366.603333,activated,32,0.030906878975006543,5989.4,259.9039876691136
36,1358.33578,activated,32,0.030906878975006543,5990.4,250.82021160770273
37,1367.353465,activated,32,0.030906878975006543,5991.4,259.2075622365892
38,1359.940709,activated,32,0.030906878975006543,5992.4,250.92016870532916
39,1367.345371,activated,32,0.030906878975006543,5993.4,255.56431554420487
0,1251.993544,activated,33,1.3859586984307867e-05,6426.0,-46.84596541639962
1,1269.610282,activated,33,1.3859586984307867e-05,6427.0,-31.628904498537395
2,1256.3174789999996,activated,33,1.3859586984307867e-05,6428.0,-45.202279208767095
3,1250.366267,activated,33,1.3859586984307867e-05,6429.0,-49.68430186422529
4,1245.227364,activated,33,1.3859586984307867e-05,6430.0,-53.96792269384537
5,1241.386478,activated,33,1.3859586984307867e-05,6431.0,-57.82315812508864
6,1243.386844,activated,33,1.3859586984307867e-05,6432.0,-56.31013524287391
7,1232.589178,activated,33,1.3859586984307867e-05,6433.0,-66.4825530437306
8,1234.819444,activated,33,1.3859586984307867e-05,6434.0,-67.02069218806514
9,1226.867048,activated,33,1.3859586984307867e-05,6435.0,-74.2299957027517
10,1226.982454,activated,33,1.3859586984307867e-05,6436.0,-73.81516358314957
11,1236.818568,activated,33,1.3859586984307867e-05,6437.0,-65.34360303602875
12,1225.944756,activated,33,1.3859586984307867e-05,6438.0,-76.0385667622395
13,1220.374599,activated,33,1.3859586984307867e-05,6439.0,-83.07647610043546
14,1219.064604,activated,33,1.3859586984307867e-05,6440.0,-81.94805644355688
15,1212.125921,activated,33,1.3859586984307867e-05,6441.0,-90.4210658862637
16,1213.8162630000004,activated,33,1.3859586984307867e-05,6442.0,-88.08774780720546
17,1209.968665,activated,33,1.3859586984307867e-05,6443.0,-91.75718439237198
18,1214.854791,activated,33,1.3859586984307867e-05,6444.0,-87.6287181409175
19,1206.737841,activated,33,1.3859586984307867e-05,6445.0,-96.41159403407278
20,1201.539263,activated,33,1.3859586984307867e-05,6446.0,-102.23344256339055
21,1206.5926029999996,activated,33,1.3859586984307867e-05,6447.0,-95.08550321368898
22,1197.1150289999996,activated,33,1.3859586984307867e-05,6448.0,-105.07181630373702
23,1206.677197,activated,33,1.3859586984307867e-05,6449.0,-98.62630682529061
24,1202.068656,activated,33,1.3859586984307867e-05,6450.0,-103.92857658829212
25,1209.887886,activated,33,1.3859586984307867e-05,6451.0,-93.09374612140755
26,1207.588603,activated,33,1.3859586984307867e-05,6452.0,-95.97166030684025
27,1195.048225,activated,33,1.3859586984307867e-05,6453.0,-109.75643703387732
28,1198.765948,activated,33,1.3859586984307867e-05,6454.0,-103.49200757809945
29,1195.70265,activated,33,1.3859586984307867e-05,6455.0,-109.22201879555769
30,1199.941562,activated,33,1.3859586984307867e-05,6456.0,-105.02786403037157
31,1195.838366,activated,33,1.3859586984307867e-05,6457.0,-109.21343061263406
32,1193.604215,activated,33,1.3859586984307867e-05,6458.0,-111.54010436726116
33,1190.288385,activated,33,1.3859586984307867e-05,6459.0,-114.3798949452339
34,1193.021343,activated,33,1.3859586984307867e-05,6460.0,-109.98867512924062
35,1189.366726,activated,33,1.3859586984307867e-05,6461.0,-116.43550003936593
36,1184.007972,activated,33,1.3859586984307867e-05,6462.0,-122.25316185176052
37,1185.613749,activated,33,1.3859586984307867e-05,6463.0,-119.46548172115808
38,1181.439225,activated,33,1.3859586984307867e-05,6464.0,-126.53389339560454
39,1176.373977,activated,33,1.3859586984307867e-05,6465.0,-129.48826360662292
40,1186.352443,activated,33,1.3859586984307867e-05,6466.0,-121.311325211846
41,1171.6861210000004,activated,33,1.3859586984307867e-05,6467.0,-133.63233185919648
42,1158.618904,activated,33,1.3859586984307867e-05,6468.0,-149.24115507431748
43,1183.699103,activated,33,1.3859586984307867e-05,6469.0,-121.72168351946652
44,1165.544889,activated,33,1.3859586984307867e-05,6470.0,-137.890976974674
0,1361.689918,activated,34,1.3859586984307867e-05,6645.6,56.589233047680864
1,1360.881424,activated,34,1.3859586984307867e-05,6646.6,56.65078665433657
2,1370.8870029999996,activated,34,1.3859586984307867e-05,6647.6,66.13701594553709
3,1360.68374,activated,34,1.3859586984307867e-05,6648.6,55.993031804570364
4,1355.66645,activated,34,1.3859586984307867e-05,6649.6,49.1502066642247
5,1351.0257789999996,activated,34,1.3859586984307867e-05,6650.6,46.91468180372772
6,1359.901861,activated,34,1.3859586984307867e-05,6651.6,57.08417763731654
7,1346.371173,activated,34,1.3859586984307867e-05,6652.6,41.087593876240135
8,1349.442436,activated,34,1.3859586984307867e-05,6653.6,44.598943602499276
9,1350.277923,activated,34,1.3859586984307867e-05,6654.6,47.37901126899487
10,1345.983023,activated,34,1.3859586984307867e-05,6655.6,43.20942014251909
11,1350.087294,activated,34,1.3859586984307867e-05,6656.6,47.192945394451726
12,1335.860644,activated,34,1.3859586984307867e-05,6657.6,31.234099799818296
13,1324.754167,activated,34,1.3859586984307867e-05,6658.6,22.1476347139494
14,1323.421192,activated,34,1.3859586984307867e-05,6659.6,20.568275234275234
15,1320.439667,activated,34,1.3859586984307867e-05,6660.6,18.48524028562815
16,1323.849961,activated,34,1.3859586984307867e-05,6661.6,20.92291073488832
17,1315.321723,activated,34,1.3859586984307867e-05,6662.6,12.982726759036495
18,1299.853079,activated,34,1.3859586984307867e-05,6663.6,-0.9743543046774903
19,1309.431236,activated,34,1.3859586984307867e-05,6664.6,7.06146024370446
20,1287.839109,activated,34,1.3859586984307867e-05,6665.6,-12.826650951210013
21,1299.894603,activated,34,1.3859586984307867e-05,6666.6,-1.6441914633762735
22,1290.1602289999996,activated,34,1.3859586984307867e-05,6667.6,-11.46996539281713
23,1290.945162,activated,34,1.3859586984307867e-05,6668.6,-10.461320175886613
24,1285.746109,activated,34,1.3859586984307867e-05,6669.6,-14.617645573015352
25,1290.978018,activated,34,1.3859586984307867e-05,6670.6,-10.399067384218824
26,1274.852283,activated,34,1.3859586984307867e-05,6671.6,-27.03011115712934
27,1284.670021,activated,34,1.3859586984307867e-05,6672.6,-17.284672727245606
28,1272.153825,activated,34,1.3859586984307867e-05,6673.6,-28.30358983800852
29,1255.679124,activated,34,1.3859586984307867e-05,6674.6,-44.4762261528615
30,1259.772915,activated,34,1.3859586984307867e-05,6675.6,-43.12577252209189
31,1270.954382,activated,34,1.3859586984307867e-05,6676.6,-29.494317996105565
32,1261.464319,activated,34,1.3859586984307867e-05,6677.6,-38.34312011925795
33,1250.916986,activated,34,1.3859586984307867e-05,6678.6,-47.7567938692207
34,1256.8176970000004,activated,34,1.3859586984307867e-05,6679.6,-41.767161306158414
35,1255.85471,activated,34,1.3859586984307867e-05,6680.6,-43.686672395458345
36,1252.750916,activated,34,1.3859586984307867e-05,6681.6,-46.55234968931518
37,1251.58084,activated,34,1.3859586984307867e-05,6682.6,-47.98252049517123
38,1250.123372,activated,34,1.3859586984307867e-05,6683.6,-51.47265733598056
39,1241.043667,activated,34,1.3859586984307867e-05,6684.6,-55.92825621360248
40,1233.119558,activated,34,1.3859586984307867e-05,6685.6,-66.1258273933106
41,1230.92901,activated,34,1.3859586984307867e-05,6686.6,-68.27612631947318
42,1233.534671,activated,34,1.3859586984307867e-05,6687.6,-62.270614467797714
43,1224.691567,activated,34,1.3859586984307867e-05,6688.6,-73.15782454803389
44,1225.513856,activated,34,1.3859586984307867e-05,6689.6,-72.7114371754119
45,1213.0326300000004,activated,34,1.3859586984307867e-05,6690.6,-83.57901779816257
46,1221.463297,activated,34,1.3859586984307867e-05,6691.6,-76.66848315760376
47,1212.317282,activated,34,1.3859586984307867e-05,6692.6,-85.16022072104306
48,1221.492908,activated,34,1.3859586984307867e-05,6693.6,-75.10271001280466
49,1221.071077,activated,34,1.3859586984307867e-05,6694.6,-75.72899125757613
0,1104.157181,activated,35,1.3859586984307867e-05,7034.4,-49.758716424289105
1,1104.940192,activated,35,1.3859586984307867e-05,7035.4,-44.29510863738619
2,1094.772625,activated,35,1.3859586984307867e-05,7036.4,-56.64017657468867
3,1083.177554,activated,35,1.3859586984307867e-05,7037.4,-68.19828318361601
4,1084.784933,activated,35,1.3859586984307867e-05,7038.4,-64.65924176958742
5,1076.418469,activated,35,1.3859586984307867e-05,7039.4,-74.13904307401754
6,1074.19539,activated,35,1.3859586984307867e-05,7040.4,-77.40921485537615
7,1069.792783,activated,35,1.3859586984307867e-05,7041.4,-79.62735978772366
8,1065.804041,activated,35,1.3859586984307867e-05,7042.4,-81.4603699452914
9,1064.725462,activated,35,1.3859586984307867e-05,7043.4,-83.16962338906183
10,1067.19989,activated,35,1.3859586984307867e-05,7044.4,-82.82258695971632
11,1065.099173,activated,35,1.3859586984307867e-05,7045.4,-80.7773968498218
12,1060.741237,activated,35,1.3859586984307867e-05,7046.4,-86.17942911093951
13,1058.668697,activated,35,1.3859586984307867e-05,7047.4,-86.9180573266317
14,1059.421703,activated,35,1.3859586984307867e-05,7048.4,-85.73188238999478
15,1057.561553,activated,35,1.3859586984307867e-05,7049.4,-85.10651948558348
16,1059.113606,activated,35,1.3859586984307867e-05,7050.4,-84.44966071668887
17,1051.179934,activated,35,1.3859586984307867e-05,7051.4,-93.85496328405156
18,1052.681923,activated,35,1.3859586984307867e-05,7052.4,-88.93611795184643
19,1053.490847,activated,35,1.3859586984307867e-05,7053.4,-89.5800637022071
20,1049.797898,activated,35,1.3859586984307867e-05,7054.4,-89.33264335873241
21,1051.821093,activated,35,1.3859586984307867e-05,7055.4,-89.64048441978662
22,1045.277865,activated,35,1.3859586984307867e-05,7056.4,-96.18386300257703
23,1044.1904550000004,activated,35,1.3859586984307867e-05,7057.4,-95.24247815528838
24,1035.100729,activated,35,1.3859586984307867e-05,7058.4,-102.84068612472151
25,1038.406398,activated,35,1.3859586984307867e-05,7059.4,-99.70433460511094
26,1032.908857,activated,35,1.3859586984307867e-05,7060.4,-107.50851546254876
27,1030.942549,activated,35,1.3859586984307867e-05,7061.4,-107.02168630639903
28,1028.495364,activated,35,1.3859586984307867e-05,7062.4,-107.90437170810742
29,1020.936685,activated,35,1.3859586984307867e-05,7063.4,-114.72347687950935
30,1015.494394,activated,35,1.3859586984307867e-05,7064.4,-122.10897395600637
31,1011.671896,activated,35,1.3859586984307867e-05,7065.4,-123.89711359298246
32,1015.306453,activated,35,1.3859586984307867e-05,7066.4,-120.5872280455443
33,1005.099225,activated,35,1.3859586984307867e-05,7067.4,-131.00335323415072
34,1003.313833,activated,35,1.3859586984307867e-05,7068.4,-132.51741198717957
35,1005.007885,activated,35,1.3859586984307867e-05,7069.4,-127.30358036530993
36,1007.357959,activated,35,1.3859586984307867e-05,7070.4,-125.42889224443013
37,998.1630679,activated,35,1.3859586984307867e-05,7071.4,-136.85356937255983
38,1002.608099,activated,35,1.3859586984307867e-05,7072.4,-129.75861866727973
39,1000.967486,activated,35,1.3859586984307867e-05,7073.4,-132.05999811134348
40,1006.455035,activated,35,1.3859586984307867e-05,7074.4,-123.34756518424388
41,1007.333724,activated,35,1.3859586984307867e-05,7075.4,-123.12989638725924
42,1012.808471,activated,35,1.3859586984307867e-05,7076.4,-116.4261602828949
43,1006.073231,activated,35,1.3859586984307867e-05,7077.4,-123.26444217377241
44,1005.905373,activated,35,1.3859586984307867e-05,7078.4,-120.02968715622296
45,1006.867942,activated,35,1.3859586984307867e-05,7079.4,-120.97278196886589
