activation_time_s,mean_mcherry_intensity,region,point_idx
0,434.4463938,dark,1
1,476.9681611,dark,1
2,523.122807,dark,1
3,582.6965562,dark,1
4,609.3664717,dark,1
5,661.88564,dark,1
6,687.3781676,dark,1
7,707.4437947,dark,1
8,729.2761533,dark,1
9,746.0916179,dark,1
10,767.3307342,dark,1
11,772.6673164,dark,1
12,792.9701105,dark,1
13,798.4054581,dark,1
14,798.1332034,dark,1
15,807.5068226,dark,1
16,801.137102,dark,1
17,821.0831709,dark,1
18,807.0617284,dark,1
19,820.317089,dark,1
20,823.9090318,dark,1
21,822.445744,dark,1
22,834.0591293,dark,1
23,843.1578947,dark,1
24,832.3391813,dark,1
0,585.5231167,activated,1
1,1060.880872,activated,1
2,1476.282637,activated,1
3,1733.119685,activated,1
4,1873.397649,activated,1
5,1973.555897,activated,1
6,2036.597678,activated,1
7,2075.840178,activated,1
8,2105.018777,activated,1
9,2127.822533,activated,1
10,2144.2604,activated,1
11,2152.746892,activated,1
12,2174.362627,activated,1
13,2180.990397,activated,1
14,2180.691224,activated,1
15,2189.385137,activated,1
16,2190.319819,activated,1
17,2200.682666,activated,1
18,2187.512428,activated,1
19,2201.235208,activated,1
20,2203.139722,activated,1
21,2198.987314,activated,1
22,2198.507934,activated,1
23,2205.219758,activated,1
24,2200.261811,activated,1
0,456.2417154,dark,2
1,482.6556205,dark,2
2,533.4847303,dark,2
3,582.9168291,dark,2
4,620.2157245,dark,2
5,649.2813515,dark,2
6,676.9441196,dark,2
7,693.1377518,dark,2
8,704.6465237,dark,2
9,717.2982456,dark,2
10,741.1520468,dark,2
11,744.4126056,dark,2
12,758.9031839,dark,2
13,763.394412,dark,2
14,771.85705,dark,2
15,783.7511371,dark,2
16,779.7758285,dark,2
17,785.8622482,dark,2
18,784.2508122,dark,2
19,779.3833658,dark,2
20,778.5867446,dark,2
21,790.7309942,dark,2
22,782.3853151,dark,2
23,787.4431449,dark,2
24,790.5717999,dark,2
0,635.10009,activated,2
1,1055.232897,activated,2
2,1412.588765,activated,2
3,1641.127564,activated,2
4,1761.962127,activated,2
5,1839.652335,activated,2
6,1882.474073,activated,2
7,1904.484919,activated,2
8,1933.601782,activated,2
9,1949.28453,activated,2
10,1970.539931,activated,2
11,1969.20648,activated,2
12,1985.810741,activated,2
13,1984.772508,activated,2
14,1989.633669,activated,2
15,1995.325863,activated,2
16,1988.052777,activated,2
17,1996.457381,activated,2
18,1997.413174,activated,2
19,1980.235179,activated,2
20,1982.705461,activated,2
21,1995.713514,activated,2
22,1983.919395,activated,2
23,1988.80292,activated,2
24,1994.515499,activated,2
0,419.5419103,dark,3
1,464.9181287,dark,3
2,513.8291098,dark,3
3,558.8674464,dark,3
4,605.8219623,dark,3
5,627.0922677,dark,3
6,658.2079272,dark,3
7,677.5100715,dark,3
8,698.9369721,dark,3
9,700.4756335,dark,3
10,723.8966862,dark,3
11,728.1988304,dark,3
12,742.9844055,dark,3
13,744.8843405,dark,3
14,755.2962963,dark,3
15,749.3807667,dark,3
16,748.7069526,dark,3
17,770.4067576,dark,3
18,757.1910331,dark,3
19,765.2072775,dark,3
20,761.2469136,dark,3
21,756.1481481,dark,3
22,765.994152,dark,3
23,760.9291748,dark,3
24,757.7511371,dark,3
25,764.3495776,dark,3
26,754.6582196,dark,3
0,581.167945,activated,3
1,978.6208726,activated,3
2,1272.473777,activated,3
3,1419.182402,activated,3
4,1516.984811,activated,3
5,1557.528383,activated,3
6,1598.715801,activated,3
7,1609.555468,activated,3
8,1630.85536,activated,3
9,1630.449566,activated,3
10,1646.757181,activated,3
11,1650.019839,activated,3
12,1656.820472,activated,3
13,1656.841542,activated,3
14,1663.224978,activated,3
15,1661.12055,activated,3
16,1659.526624,activated,3
17,1662.266293,activated,3
18,1661.366639,activated,3
19,1657.573385,activated,3
20,1658.376346,activated,3
21,1654.054054,activated,3
22,1655.069881,activated,3
23,1657.163643,activated,3
24,1644.770453,activated,3
25,1642.301408,activated,3
26,1633.98628,activated,3
0,452.5490578,dark,4
1,485.9889539,dark,4
2,526.5178687,dark,4
3,576.725796,dark,4
4,618.5977908,dark,4
5,650.2222222,dark,4
6,683.6491228,dark,4
7,700.6842105,dark,4
8,713.3996101,dark,4
9,722.4964263,dark,4
10,743.1111111,dark,4
11,743.1604938,dark,4
12,756.7530864,dark,4
13,757.7602339,dark,4
14,765.6387264,dark,4
15,769.0935673,dark,4
16,765.4983756,dark,4
17,774.5159194,dark,4
18,781.1897336,dark,4
19,783.8947368,dark,4
20,786.934373,dark,4
21,774.5867446,dark,4
22,766.2904483,dark,4
23,774.0682261,dark,4
24,784.5146199,dark,4
25,799.920078,dark,4
26,802.7498376,dark,4
0,625.5065463,activated,4
1,1061.447987,activated,4
2,1297.749261,activated,4
3,1459.025204,activated,4
4,1542.859134,activated,4
5,1586.134229,activated,4
6,1627.624124,activated,4
7,1647.092345,activated,4
8,1649.12091,activated,4
9,1671.291271,activated,4
10,1684.359671,activated,4
11,1688.9284,activated,4
12,1697.439498,activated,4
13,1695.691346,activated,4
14,1705.604186,activated,4
15,1702.812936,activated,4
16,1699.732389,activated,4
17,1699.199286,activated,4
18,1712.753203,activated,4
19,1708.9942,activated,4
20,1712.029309,activated,4
21,1704.623131,activated,4
22,1702.584521,activated,4
23,1705.451174,activated,4
24,1707.572596,activated,4
25,1711.313229,activated,4
26,1709.673243,activated,4
0,464.8817414,dark,5
1,473.0773229,dark,5
2,483.5126706,dark,5
3,488.1851852,dark,5
4,486.1416504,dark,5
5,487.8265107,dark,5
6,494.5211176,dark,5
7,501.0298895,dark,5
8,506.0890188,dark,5
9,508.9291748,dark,5
10,510.7693307,dark,5
11,510.5269656,dark,5
12,510.9278752,dark,5
13,513.705653,dark,5
14,508.8349578,dark,5
15,518.6699155,dark,5
16,512.3859649,dark,5
17,512.8479532,dark,5
18,510.6601689,dark,5
19,513.7569851,dark,5
20,503.6556205,dark,5
21,516.0350877,dark,5
22,513.91423,dark,5
23,513.5588044,dark,5
24,522.2469136,dark,5
25,520.1676413,dark,5
26,507.1078622,dark,5
27,513.8901884,dark,5
28,508.5289149,dark,5
29,514.8492528,dark,5
30,515.9694607,dark,5
31,515.7017544,dark,5
32,515.1312541,dark,5
33,518.977258,dark,5
34,506.9291748,dark,5
35,518.9051332,dark,5
36,514.1637427,dark,5
37,515.2261209,dark,5
38,512.5821962,dark,5
39,512.3014945,dark,5
40,515.1721897,dark,5
41,515.625731,dark,5
42,517.8622482,dark,5
43,514.1221572,dark,5
44,512.2423652,dark,5
0,653.4972218,activated,5
1,681.6065085,activated,5
2,734.8899585,activated,5
3,778.1542311,activated,5
4,805.7509217,activated,5
5,841.2907249,activated,5
6,877.40461,activated,5
7,896.5176706,activated,5
8,917.2704212,activated,5
9,931.141394,activated,5
10,945.0170581,activated,5
11,955.365251,activated,5
12,959.4167562,activated,5
13,972.3936889,activated,5
14,977.0641333,activated,5
15,986.9800505,activated,5
16,984.1918367,activated,5
17,993.383627,activated,5
18,990.1246843,activated,5
19,994.340645,activated,5
20,988.6936511,activated,5
21,998.1625686,activated,5
22,992.4407408,activated,5
23,992.8010973,activated,5
24,993.4477952,activated,5
25,997.783958,activated,5
26,993.8133306,activated,5
27,995.7249804,activated,5
28,991.5315296,activated,5
29,1000.56827,activated,5
30,1001.807205,activated,5
31,1003.265027,activated,5
32,1006.612727,activated,5
33,1009.417139,activated,5
34,1000.043255,activated,5
35,1014.932923,activated,5
36,1016.748849,activated,5
37,1018.236862,activated,5
38,1017.755398,activated,5
39,1014.692995,activated,5
40,1015.777502,activated,5
41,1014.778018,activated,5
42,1011.887427,activated,5
43,1004.300328,activated,5
44,1005.741533,activated,5
0,485.994152,dark,6
1,479.9070825,dark,6
2,485.3365822,dark,6
3,491.8421053,dark,6
4,490.1195582,dark,6
5,497.4535413,dark,6
6,496.9181287,dark,6
7,495.5614035,dark,6
8,496.3268356,dark,6
9,494.8213125,dark,6
10,502.3430799,dark,6
11,498.9766082,dark,6
12,505.5802469,dark,6
13,501.8823912,dark,6
14,505.0149448,dark,6
15,502.5977908,dark,6
16,503.8291098,dark,6
17,506.9207277,dark,6
18,499.4184535,dark,6
19,509.1708902,dark,6
20,501.9265757,dark,6
21,510.6335283,dark,6
22,506.9980507,dark,6
23,507.7868746,dark,6
24,500.7738791,dark,6
25,502.1117609,dark,6
26,513.8810916,dark,6
27,510.11436,dark,6
28,506.9948018,dark,6
29,503.7426901,dark,6
30,502.7901235,dark,6
31,499.5984405,dark,6
32,498.2365172,dark,6
33,504.4002599,dark,6
34,504.2326186,dark,6
0,681.9970447,activated,6
1,699.4799721,activated,6
2,733.2139345,activated,6
3,767.2419833,activated,6
4,801.3256423,activated,6
5,829.4558481,activated,6
6,851.4571951,activated,6
7,875.3034807,activated,6
8,887.8609922,activated,6
9,902.7769617,activated,6
10,915.4482945,activated,6
11,924.7259094,activated,6
12,929.4187651,activated,6
13,935.4429181,activated,6
14,938.818527,activated,6
15,944.0438877,activated,6
16,947.0628502,activated,6
17,946.0099805,activated,6
18,948.6340697,activated,6
19,951.8726391,activated,6
20,957.2470868,activated,6
21,957.4993759,activated,6
22,963.5404186,activated,6
23,964.3101576,activated,6
24,963.4162104,activated,6
25,965.5690597,activated,6
26,968.9315064,activated,6
27,965.7967602,activated,6
28,962.9020118,activated,6
29,964.329242,activated,6
30,967.7499521,activated,6
31,963.6622986,activated,6
32,960.933103,activated,6
33,961.872703,activated,6
34,964.8195489,activated,6
0,493.4035088,dark,7
1,499.682911,dark,7
2,502.065627,dark,7
3,501.2020793,dark,7
4,499.2046784,dark,7
5,498.605588,dark,7
6,502.7030539,dark,7
7,508.4931774,dark,7
8,508.4269006,dark,7
9,511.1474984,dark,7
10,509.7498376,dark,7
11,509.9441196,dark,7
12,513.6796621,dark,7
13,515.1124107,dark,7
14,516.2358674,dark,7
15,519.9070825,dark,7
16,512.9974009,dark,7
17,498.0727745,dark,7
18,491.8888889,dark,7
19,491.668616,dark,7
20,485.6023392,dark,7
21,479.7673814,dark,7
22,470.1669916,dark,7
23,475.9727096,dark,7
24,467.9785575,dark,7
25,466.6809617,dark,7
26,467.2995452,dark,7
27,457.525666,dark,7
28,460.3339831,dark,7
29,457.3905133,dark,7
30,458.4470435,dark,7
31,456.0045484,dark,7
32,453.568551,dark,7
33,450.5100715,dark,7
34,458.6725146,dark,7
35,455.3775179,dark,7
36,453.6816114,dark,7
37,450.920078,dark,7
38,454.9265757,dark,7
39,452.079922,dark,7
40,450.597141,dark,7
41,445.6926576,dark,7
42,450.4139051,dark,7
0,682.5019595,activated,7
1,687.0801463,activated,7
2,697.6074317,activated,7
3,709.4741313,activated,7
4,720.1603855,activated,7
5,730.4839725,activated,7
6,739.8136035,activated,7
7,749.1481116,activated,7
8,757.934572,activated,7
9,764.0945104,activated,7
10,769.6617006,activated,7
11,772.689465,activated,7
12,776.8277121,activated,7
13,787.720562,activated,7
14,789.6234447,activated,7
15,790.1085842,activated,7
16,784.3213691,activated,7
17,766.2371063,activated,7
18,754.1693094,activated,7
19,747.4709786,activated,7
20,739.5989549,activated,7
21,734.5624292,activated,7
22,721.5692107,activated,7
23,720.3625802,activated,7
24,714.4469533,activated,7
25,711.8814701,activated,7
26,713.7100009,activated,7
27,710.2688304,activated,7
28,712.9006706,activated,7
29,706.6406712,activated,7
30,703.1198769,activated,7
31,705.1780997,activated,7
32,701.7440764,activated,7
33,699.4590647,activated,7
34,700.8543502,activated,7
35,701.7333759,activated,7
36,698.875815,activated,7
37,698.9865242,activated,7
38,698.4460766,activated,7
39,697.8814643,activated,7
40,700.0716869,activated,7
41,700.2518768,activated,7
42,697.7527854,activated,7
0,451.8102664,dark,8
1,445.9051332,dark,8
2,449.9460689,dark,8
3,447.1780377,dark,8
4,448.3859649,dark,8
5,449.8778428,dark,8
6,448.8044185,dark,8
7,458.3008447,dark,8
8,453.5243665,dark,8
9,457.4437947,dark,8
10,453.0844704,dark,8
11,461.5276153,dark,8
12,455.2664068,dark,8
13,459.6796621,dark,8
14,461.1065627,dark,8
15,463.1494477,dark,8
16,466.8063678,dark,8
17,470.3463288,dark,8
18,469.2820013,dark,8
19,465.6777128,dark,8
20,468.9005848,dark,8
21,465.1611436,dark,8
22,468.5906433,dark,8
23,468.4327485,dark,8
24,468.7173489,dark,8
25,456.905783,dark,8
26,463.3209877,dark,8
27,465.0045484,dark,8
28,459.7777778,dark,8
29,463.97141,dark,8
30,459.5321637,dark,8
31,461.5607537,dark,8
32,455.3710201,dark,8
33,464.1643925,dark,8
34,464.9759584,dark,8
35,462.1949318,dark,8
36,464.6081871,dark,8
37,451.2774529,dark,8
38,461.4359974,dark,8
39,458.6764133,dark,8
40,454.8024691,dark,8
41,454.6562703,dark,8
42,462.411306,dark,8
43,455.3950617,dark,8
44,455.2326186,dark,8
45,462.5471085,dark,8
46,455.4788824,dark,8
47,459.8719948,dark,8
48,457.1890838,dark,8
49,455.8797921,dark,8
50,455.0630279,dark,8
51,453.4691358,dark,8
52,451.8745939,dark,8
53,443.0038986,dark,8
54,446.474334,dark,8
55,455.6159844,dark,8
56,450.5516569,dark,8
57,450.4626381,dark,8
58,449.754386,dark,8
59,451.9304743,dark,8
60,453.1013645,dark,8
61,450.6335283,dark,8
62,451.1020143,dark,8
63,455.17154,dark,8
64,453.3242365,dark,8
65,455.9733593,dark,8
66,452.4990253,dark,8
67,449.7420403,dark,8
68,457.6380767,dark,8
69,459.3047433,dark,8
70,452.6296296,dark,8
71,457.8161144,dark,8
72,454.251462,dark,8
73,451.1247563,dark,8
74,456.8408057,dark,8
75,458.5692008,dark,8
76,455.0643275,dark,8
77,452.8940871,dark,8
78,457.1487979,dark,8
79,453.6744639,dark,8
80,458.1234568,dark,8
81,447.2664068,dark,8
82,449.511371,dark,8
83,450.7641326,dark,8
84,447.079922,dark,8
85,451.411306,dark,8
86,450.1526966,dark,8
87,446.4470435,dark,8
88,445.3606238,dark,8
89,452.1474984,dark,8
90,447.4119558,dark,8
91,445.6322287,dark,8
92,451.2020793,dark,8
93,447.3235867,dark,8
94,444.8473034,dark,8
95,445.9512671,dark,8
96,446.9246264,dark,8
97,442.5120208,dark,8
98,443.0012995,dark,8
99,450.6718648,dark,8
0,627.9086771,activated,8
1,629.2303887,activated,8
2,632.7258803,activated,8
3,633.0729352,activated,8
4,634.7810375,activated,8
5,634.93445,activated,8
6,636.6957123,activated,8
7,640.4696839,activated,8
8,640.3063547,activated,8
9,640.8866549,activated,8
10,644.0555926,activated,8
11,643.1280924,activated,8
12,643.3508985,activated,8
13,645.6515052,activated,8
14,650.8716753,activated,8
15,651.9422998,activated,8
16,651.9425785,activated,8
17,653.9443551,activated,8
18,652.3983975,activated,8
19,654.24819,activated,8
20,656.3321857,activated,8
21,652.6181148,activated,8
22,652.2909223,activated,8
23,654.4182657,activated,8
24,651.1257468,activated,8
25,651.5070282,activated,8
26,651.488867,activated,8
27,651.1808924,activated,8
28,648.6693878,activated,8
29,648.8582866,activated,8
30,646.4851221,activated,8
31,647.4679479,activated,8
32,645.1585798,activated,8
33,646.4715476,activated,8
34,646.4340059,activated,8
35,646.0885825,activated,8
36,646.821041,activated,8
37,644.7507127,activated,8
38,643.0324789,activated,8
39,644.2945162,activated,8
40,643.2057596,activated,8
41,642.7683978,activated,8
42,644.7598165,activated,8
43,641.0227944,activated,8
44,641.9426772,activated,8
45,642.0250472,activated,8
46,641.178808,activated,8
47,640.5825413,activated,8
48,642.2244782,activated,8
49,640.5173745,activated,8
50,640.1552182,activated,8
51,638.6509885,activated,8
52,639.0934944,activated,8
53,634.5716898,activated,8
54,637.9516417,activated,8
55,640.6696839,activated,8
56,635.8504369,activated,8
57,636.9281331,activated,8
58,635.2646965,activated,8
59,636.6594246,activated,8
60,637.5820304,activated,8
61,636.8020147,activated,8
62,634.5470723,activated,8
63,639.0407234,activated,8
64,640.6212965,activated,8
65,640.2437658,activated,8
66,637.0360206,activated,8
67,638.820803,activated,8
68,639.3397393,activated,8
69,638.6164543,activated,8
70,640.4761634,activated,8
71,637.5232328,activated,8
72,636.5862455,activated,8
73,635.6944698,activated,8
74,640.3195518,activated,8
75,638.1063489,activated,8
76,638.2218481,activated,8
77,634.9990943,activated,8
78,635.2795018,activated,8
79,633.1979621,activated,8
80,635.7580283,activated,8
81,634.1672889,activated,8
82,633.7719918,activated,8
83,632.1805034,activated,8
84,631.5169333,activated,8
85,632.4075652,activated,8
86,631.4006445,activated,8
87,630.2463495,activated,8
88,628.9285569,activated,8
89,629.9935611,activated,8
90,627.7825355,activated,8
91,627.2039771,activated,8
92,627.3753651,activated,8
93,626.2774175,activated,8
94,627.0305281,activated,8
95,626.4156937,activated,8
96,626.0562255,activated,8
97,625.3331437,activated,8
98,624.6967457,activated,8
99,625.3213749,activated,8
0,424.9116309,dark,9
1,419.6991553,dark,9
2,423.9467186,dark,9
3,420.791423,dark,9
4,421.0519818,dark,9
5,428.1578947,dark,9
6,428.5477583,dark,9
7,424.6809617,dark,9
8,421.8447044,dark,9
9,423.14295,dark,9
10,423.4223522,dark,9
11,428.8817414,dark,9
12,433.2365172,dark,9
13,434.1390513,dark,9
14,428.1962313,dark,9
15,431.5575049,dark,9
16,437.7576348,dark,9
17,430.7673814,dark,9
18,430.4067576,dark,9
19,433.2449643,dark,9
20,431.1299545,dark,9
21,436.6211826,dark,9
22,434.9031839,dark,9
23,430.3892138,dark,9
24,431.6159844,dark,9
25,432.1955815,dark,9
26,433.5042235,dark,9
27,432.8862898,dark,9
28,430.2683561,dark,9
29,429.3040936,dark,9
30,432.9356725,dark,9
31,427.331384,dark,9
32,430.2748538,dark,9
33,426.2033788,dark,9
34,428.948668,dark,9
35,426.1215075,dark,9
36,431.4554906,dark,9
37,431.251462,dark,9
38,434.4710851,dark,9
39,436.2651072,dark,9
40,434.9512671,dark,9
41,440.2410656,dark,9
42,433.9259259,dark,9
43,426.9577648,dark,9
44,431.7764782,dark,9
45,430.6582196,dark,9
46,428.9395712,dark,9
47,431.6380767,dark,9
48,426.2664068,dark,9
49,430.7322937,dark,9
50,427.7309942,dark,9
51,431.6790123,dark,9
52,422.7309942,dark,9
53,429.5263158,dark,9
54,424.5432099,dark,9
55,424.6647173,dark,9
56,429.3008447,dark,9
57,426.9233268,dark,9
58,426.9655621,dark,9
59,424.6432749,dark,9
60,420.6471735,dark,9
61,426.9961014,dark,9
62,423.9408707,dark,9
63,423.4957765,dark,9
64,418.8297596,dark,9
65,422.8960364,dark,9
66,431.2215724,dark,9
67,424.9467186,dark,9
68,422.5484081,dark,9
69,420.3794672,dark,9
70,423.5646524,dark,9
71,424.3385315,dark,9
72,427.100065,dark,9
73,419.3963613,dark,9
74,420.9298246,dark,9
75,420.3320338,dark,9
76,421.1150097,dark,9
77,421.9850552,dark,9
78,417.9246264,dark,9
79,419.1929825,dark,9
80,420.2352177,dark,9
81,421.1643925,dark,9
82,414.8602989,dark,9
0,611.7582721,activated,9
1,609.2358057,activated,9
2,604.2865968,activated,9
3,604.3784539,activated,9
4,605.9681017,activated,9
5,606.4542631,activated,9
6,607.9143554,activated,9
7,609.1615351,activated,9
8,608.3690597,activated,9
9,609.1844921,activated,9
10,610.0919267,activated,9
11,613.1946817,activated,9
12,611.5358435,activated,9
13,614.977432,activated,9
14,612.8102941,activated,9
15,613.9224838,activated,9
16,615.7842947,activated,9
17,616.2967515,activated,9
18,616.8778704,activated,9
19,615.3918716,activated,9
20,615.2361715,activated,9
21,618.0770401,activated,9
22,616.4801928,activated,9
23,613.2885244,activated,9
24,617.1085087,activated,9
25,616.7677243,activated,9
26,618.1486283,activated,9
27,616.4411124,activated,9
28,615.980724,activated,9
29,615.5578076,activated,9
30,614.4640404,activated,9
31,613.1612564,activated,9
32,614.3155166,activated,9
33,613.0716637,activated,9
34,610.0293552,activated,9
35,612.4080762,activated,9
36,614.4649926,activated,9
37,612.2458385,activated,9
38,615.6267425,activated,9
39,613.9322031,activated,9
40,613.3623305,activated,9
41,614.7468575,activated,9
42,611.5753941,activated,9
43,610.2399222,activated,9
44,611.4570558,activated,9
45,613.6932621,activated,9
46,610.8165239,activated,9
47,611.5213923,activated,9
48,608.9379511,activated,9
49,610.4113334,activated,9
50,610.1030511,activated,9
51,610.2600575,activated,9
52,609.7214503,activated,9
53,609.9000319,activated,9
54,606.9293698,activated,9
55,608.3177055,activated,9
56,606.1111621,activated,9
57,608.6149621,activated,9
58,608.5726536,activated,9
59,603.1052922,activated,9
60,604.6960026,activated,9
61,602.5295846,activated,9
62,602.8247162,activated,9
63,603.6333904,activated,9
64,603.684466,activated,9
65,600.8238279,activated,9
66,607.0348129,activated,9
67,604.5684501,activated,9
68,600.5593927,activated,9
69,601.4013412,activated,9
70,600.826191,activated,9
71,601.9401864,activated,9
72,604.4913171,activated,9
73,600.8154789,activated,9
74,602.1301594,activated,9
75,599.0894069,activated,9
76,598.6918745,activated,9
77,600.7893634,activated,9
78,598.8343484,activated,9
79,598.7971725,activated,9
80,597.5432752,activated,9
81,597.7245624,activated,9
82,595.4974134,activated,9
0,468.7212476,dark,10
1,467.9863548,dark,10
2,470.9311241,dark,10
3,470.3794672,dark,10
4,473.1923327,dark,10
5,475.2846004,dark,10
6,468.4736842,dark,10
7,471.2319688,dark,10
8,470.5581546,dark,10
9,476.2183236,dark,10
10,475.5367122,dark,10
11,473.805718,dark,10
12,474.1163093,dark,10
13,472.6218324,dark,10
14,468.4178038,dark,10
15,468.8206628,dark,10
16,470.8382066,dark,10
17,462.3411306,dark,10
18,471.0792723,dark,10
19,469.9434698,dark,10
20,471.2696556,dark,10
21,465.9792073,dark,10
22,468.6179337,dark,10
23,466.8778428,dark,10
24,471.7037037,dark,10
25,469.3365822,dark,10
26,468.3326836,dark,10
27,462.0435348,dark,10
28,461.3554256,dark,10
29,465.4437947,dark,10
30,463.928525,dark,10
31,463.9577648,dark,10
32,454.2670565,dark,10
33,462.4191033,dark,10
34,459.1345029,dark,10
0,680.8085116,activated,10
1,688.0824571,activated,10
2,694.3664876,activated,10
3,705.7553575,activated,10
4,714.9892531,activated,10
5,720.7595727,activated,10
6,727.5800912,activated,10
7,736.1233431,activated,10
8,737.8721746,activated,10
9,743.8505008,activated,10
10,748.4260226,activated,10
11,750.628316,activated,10
12,756.3405289,activated,10
13,755.5610532,activated,10
14,755.0941504,activated,10
15,753.9020176,activated,10
16,758.1550208,activated,10
17,760.4594885,activated,10
18,763.0106947,activated,10
19,759.5998432,activated,10
20,761.3097628,activated,10
21,761.98282,activated,10
22,763.0113392,activated,10
23,760.6814004,activated,10
24,760.7809214,activated,10
25,760.7576741,activated,10
26,759.9720498,activated,10
27,757.7983163,activated,10
28,754.8407002,activated,10
29,754.5193021,activated,10
30,752.5161611,activated,10
31,750.6860104,activated,10
32,749.5396174,activated,10
33,752.0367347,activated,10
34,753.8868987,activated,10
0,332.9731445,dark,11
1,332.5209961,dark,11
2,336.1069336,dark,11
3,329.5625,dark,11
4,333.2011719,dark,11
5,328.7250977,dark,11
6,328.3266602,dark,11
7,329.5395508,dark,11
8,331.2705078,dark,11
9,333.168457,dark,11
10,325.1411133,dark,11
11,326.4306641,dark,11
12,331.7314453,dark,11
13,328.7177734,dark,11
14,326.574707,dark,11
15,331.1069336,dark,11
16,331.59375,dark,11
17,326.8530273,dark,11
18,334.5644531,dark,11
19,332.1806641,dark,11
20,333.3007813,dark,11
21,324.9033203,dark,11
22,329.5292969,dark,11
23,331.8710938,dark,11
24,329.4750977,dark,11
25,331.4833984,dark,11
26,328.5537109,dark,11
27,322.3110352,dark,11
28,330.3056641,dark,11
29,323.3588867,dark,11
30,320.6948242,dark,11
31,322.203125,dark,11
32,324.5825195,dark,11
33,324.96875,dark,11
34,322.7744141,dark,11
35,323.2949219,dark,11
36,322.3100586,dark,11
37,321.9516602,dark,11
38,323.7348633,dark,11
39,326.1650391,dark,11
40,315.2099609,dark,11
41,320.1376953,dark,11
42,321.4433594,dark,11
43,320.5175781,dark,11
44,329.0634766,dark,11
45,320.2285156,dark,11
46,321.4873047,dark,11
47,319.4052734,dark,11
48,322.9458008,dark,11
49,322.4492188,dark,11
50,318.4882813,dark,11
51,318.0620117,dark,11
52,316.9990234,dark,11
53,322.6318359,dark,11
54,319.4570313,dark,11
55,320.387207,dark,11
56,317.8188477,dark,11
57,320.1333008,dark,11
58,315.8232422,dark,11
59,311.4990234,dark,11
60,314.8803711,dark,11
61,317.6547852,dark,11
62,320.3212891,dark,11
63,319.3876953,dark,11
64,318.4863281,dark,11
65,317.4365234,dark,11
66,310.090332,dark,11
67,311.6542969,dark,11
68,319.4575195,dark,11
69,311.3300781,dark,11
70,315.0981445,dark,11
71,315.3999023,dark,11
72,310.6552734,dark,11
73,311.7734375,dark,11
74,310.8789063,dark,11
0,695.4212326,activated,11
1,697.6559178,activated,11
2,708.9972363,activated,11
3,716.7528667,activated,11
4,723.5227973,activated,11
5,732.6667867,activated,11
6,739.4685807,activated,11
7,744.1059134,activated,11
8,749.7962377,activated,11
9,754.1144018,activated,11
10,751.6350916,activated,11
11,755.4291753,activated,11
12,757.3431707,activated,11
13,757.726519,activated,11
14,761.804012,activated,11
15,764.2014051,activated,11
16,764.5085494,activated,11
17,762.9358319,activated,11
18,762.9820594,activated,11
19,767.5362034,activated,11
20,763.0977966,activated,11
21,764.1488664,activated,11
22,762.6696548,activated,11
23,763.1137109,activated,11
24,762.1251778,activated,11
25,761.8067756,activated,11
26,759.5323773,activated,11
27,757.6054054,activated,11
28,758.9304323,activated,11
29,760.2720934,activated,11
30,759.9723633,activated,11
31,760.072163,activated,11
32,762.9447615,activated,11
33,763.2613754,activated,11
34,762.3416959,activated,11
35,761.2947426,activated,11
36,756.9321973,activated,11
37,764.0806456,activated,11
38,764.6564403,activated,11
39,767.4977792,activated,11
40,760.9146689,activated,11
41,758.991471,activated,11
42,756.6594595,activated,11
43,755.4519523,activated,11
44,755.4361541,activated,11
45,753.6424072,activated,11
46,750.1561762,activated,11
47,749.5209743,activated,11
48,750.084106,activated,11
49,746.199611,activated,11
50,744.0729236,activated,11
51,744.7276744,activated,11
52,743.2473307,activated,11
53,741.1327895,activated,11
54,740.5981363,activated,11
55,739.80036,activated,11
56,739.2486545,activated,11
57,739.1524487,activated,11
58,737.7692861,activated,11
59,736.9694197,activated,11
60,737.8396725,activated,11
61,736.2085871,activated,11
62,734.2042152,activated,11
63,734.2487009,activated,11
64,732.8424536,activated,11
65,732.2165181,activated,11
66,729.654385,activated,11
67,730.9877435,activated,11
68,733.6690568,activated,11
69,727.7683804,activated,11
70,729.6819404,activated,11
71,728.9680437,activated,11
72,726.4485209,activated,11
73,727.9523152,activated,11
74,726.3562574,activated,11
0,241.3413086,dark,12
1,238.230957,dark,12
2,244.4775391,dark,12
3,244.3637695,dark,12
4,242.5336914,dark,12
5,247.8276367,dark,12
6,250.0981445,dark,12
7,244.315918,dark,12
8,247.3115234,dark,12
9,251.7963867,dark,12
10,249.0039063,dark,12
11,244.7749023,dark,12
12,248.7084961,dark,12
13,248.8510742,dark,12
14,243.7148438,dark,12
15,249.2036133,dark,12
16,251.0327148,dark,12
17,250.5424805,dark,12
18,251.6723633,dark,12
19,247.4833984,dark,12
20,247.7197266,dark,12
21,247.9780273,dark,12
22,245.9882813,dark,12
23,243.5932617,dark,12
24,243.4697266,dark,12
25,245.1889648,dark,12
26,243.6855469,dark,12
27,244.1162109,dark,12
28,246.7797852,dark,12
29,244.8256836,dark,12
30,248.0097656,dark,12
31,248.2807617,dark,12
32,251.1367188,dark,12
33,246.2119141,dark,12
34,241.3881836,dark,12
35,247.7607422,dark,12
36,245.9277344,dark,12
37,245.1508789,dark,12
38,242.1899414,dark,12
39,242.3354492,dark,12
40,244.0444336,dark,12
41,244.9780273,dark,12
42,245.4990234,dark,12
0,648.9361164,activated,12
1,673.4940459,activated,12
2,702.4517897,activated,12
3,731.0486951,activated,12
4,746.38635,activated,12
5,767.6700671,activated,12
6,792.9745987,activated,12
7,808.1771185,activated,12
8,819.9339507,activated,12
9,832.0587047,activated,12
10,836.5877899,activated,12
11,848.4638604,activated,12
12,847.7231457,activated,12
13,858.0591575,activated,12
14,858.6228873,activated,12
15,860.7593637,activated,12
16,863.632235,activated,12
17,864.2986443,activated,12
18,867.0972567,activated,12
19,865.2280141,activated,12
20,866.7033762,activated,12
21,859.7198479,activated,12
22,869.2624844,activated,12
23,867.0565274,activated,12
24,868.3450983,activated,12
25,867.8939356,activated,12
26,873.692728,activated,12
27,871.5003571,activated,12
28,872.2034081,activated,12
29,869.1999303,activated,12
30,872.8692136,activated,12
31,876.2217668,activated,12
32,877.1065753,activated,12
33,874.1040091,activated,12
34,874.7088164,activated,12
35,873.5081546,activated,12
36,874.544686,activated,12
37,874.2257149,activated,12
38,876.909728,activated,12
39,881.0062473,activated,12
40,880.2917467,activated,12
41,878.1046419,activated,12
42,876.3269428,activated,12
0,258.9277344,dark,13
1,261.0048828,dark,13
2,257.7290039,dark,13
3,251.5166016,dark,13
4,260.2548828,dark,13
5,263.2197266,dark,13
6,265.6279297,dark,13
7,268.3671875,dark,13
8,269.574707,dark,13
9,269.8261719,dark,13
10,278.112793,dark,13
11,285.2719727,dark,13
12,277.1113281,dark,13
13,281.7285156,dark,13
14,287.4204102,dark,13
15,284.1152344,dark,13
16,285.8149414,dark,13
17,284.8793945,dark,13
18,284.3056641,dark,13
19,282.6870117,dark,13
20,277.6889648,dark,13
21,292.8920898,dark,13
22,284.5004883,dark,13
23,287.6293945,dark,13
24,291.4365234,dark,13
25,286.7036133,dark,13
26,289.3876953,dark,13
27,304.6186523,dark,13
28,291.8837891,dark,13
29,292.4111328,dark,13
30,289.7368164,dark,13
31,292.8164063,dark,13
32,289.0444336,dark,13
0,675.3960867,activated,13
1,692.42179,activated,13
2,723.7770198,activated,13
3,745.9955119,activated,13
4,780.6137603,activated,13
5,795.5347984,activated,13
6,832.5398438,activated,13
7,856.4837983,activated,13
8,863.3172352,activated,13
9,872.5279705,activated,13
10,879.9640607,activated,13
11,891.0187186,activated,13
12,897.151961,activated,13
13,899.7359944,activated,13
14,904.390571,activated,13
15,904.3196214,activated,13
16,908.3348797,activated,13
17,910.5929457,activated,13
18,911.8922809,activated,13
19,910.6395506,activated,13
20,909.228554,activated,13
21,917.1153366,activated,13
22,915.3608964,activated,13
23,915.4866549,activated,13
24,917.4569396,activated,13
25,918.8708102,activated,13
26,912.8128313,activated,13
27,922.8641739,activated,13
28,922.7126716,activated,13
29,920.4316776,activated,13
30,916.225262,activated,13
31,922.426249,activated,13
32,922.6918222,activated,13
0,287.1186523,dark,14
1,286.7055664,dark,14
2,295.0625,dark,14
3,293.5991211,dark,14
4,294.6113281,dark,14
5,295.7749023,dark,14
6,294.7348633,dark,14
7,292.7368164,dark,14
8,296.3237305,dark,14
9,294.6650391,dark,14
10,298.621582,dark,14
11,295.4106445,dark,14
12,296.7041016,dark,14
13,294.1987305,dark,14
14,294.4980469,dark,14
15,300.0615234,dark,14
16,288.9272461,dark,14
17,295.4589844,dark,14
18,301.3022461,dark,14
19,305.1875,dark,14
20,298.4511719,dark,14
21,297.9604492,dark,14
22,299.6499023,dark,14
23,297.3320313,dark,14
24,294.8100586,dark,14
25,298.8666992,dark,14
26,292.4736328,dark,14
27,292.5205078,dark,14
28,291.8696289,dark,14
29,298.8325195,dark,14
0,737.5515139,activated,14
1,755.8624147,activated,14
2,795.8131274,activated,14
3,817.6007896,activated,14
4,855.2557784,activated,14
5,879.8620954,activated,14
6,898.8144802,activated,14
7,916.0176851,activated,14
8,930.3598456,activated,14
9,941.8437774,activated,14
10,948.0974076,activated,14
11,956.9631724,activated,14
12,962.9216071,activated,14
13,965.979946,activated,14
14,969.3362731,activated,14
15,970.8445728,activated,14
16,972.5832612,activated,14
17,973.5073765,activated,14
18,977.915354,activated,14
19,980.3459634,activated,14
20,975.9266409,activated,14
21,978.3929863,activated,14
22,975.9805847,activated,14
23,977.845287,activated,14
24,979.5743316,activated,14
25,978.5866345,activated,14
26,978.8658751,activated,14
27,980.0581996,activated,14
28,983.0099283,activated,14
29,981.5807647,activated,14
0,253.1479492,dark,15
1,253.0771484,dark,15
2,253.7001953,dark,15
3,255.3061523,dark,15
4,257.6220703,dark,15
5,253.4291992,dark,15
6,260.6137695,dark,15
7,267.2744141,dark,15
8,273.1152344,dark,15
9,275.9296875,dark,15
10,277.3198242,dark,15
11,281.3779297,dark,15
12,281.4628906,dark,15
13,289.6259766,dark,15
14,286.1582031,dark,15
15,290.2924805,dark,15
16,289.6137695,dark,15
17,288.5737305,dark,15
18,289.4672852,dark,15
19,293.9160156,dark,15
20,286.2631836,dark,15
21,290.8183594,dark,15
22,288.0771484,dark,15
23,284.6367188,dark,15
24,288.4677734,dark,15
25,289.2612305,dark,15
26,295.5761719,dark,15
27,286.7988281,dark,15
28,293.4267578,dark,15
29,290.7124023,dark,15
0,732.5521932,activated,15
1,752.5820768,activated,15
2,791.4101489,activated,15
3,825.4965077,activated,15
4,855.2280024,activated,15
5,873.2806689,activated,15
6,892.7089268,activated,15
7,908.3203066,activated,15
8,926.8458385,activated,15
9,943.5871745,activated,15
10,970.9342584,activated,15
11,988.85244,activated,15
12,999.4060383,activated,15
13,1005.397039,activated,15
14,1010.08406,activated,15
15,1013.301971,activated,15
16,1017.953952,activated,15
17,1014.583569,activatedd,15
18,1018.112643,activated,15
19,1022.19773,activated,15
20,1018.032531,activated,15
21,1019.20965,activated,15
22,1023.852405,activated,15
23,1019.034168,activated,15
24,1017.556048,activated,15
25,1022.577118,activated,15
26,1022.774541,activated,15
27,1019.342724,activated,15
28,1023.691503,activated,15
29,1020.763277,activated,15
0,256.9995117,dark,16
1,256.0625,dark,16
2,256.9594727,dark,16
3,257.7587891,dark,16
4,259.2290039,dark,16
5,259.5786133,dark,16
6,259.6118164,dark,16
7,254.6987305,dark,16
8,254.3457031,dark,16
9,255.5957031,dark,16
10,258.8862305,dark,16
11,256.2128906,dark,16
12,261.9130859,dark,16
13,260.1220703,dark,16
14,257.6367188,dark,16
15,263.1679688,dark,16
16,265.9936523,dark,16
17,262.2978516,dark,16
18,264.9013672,dark,16
19,263.0253906,dark,16
20,261.7182617,dark,16
21,264.8242188,dark,16
22,264.0478516,dark,16
23,263.6264648,dark,16
24,264.309082,dark,16
25,258.1821289,dark,16
26,263.5605469,dark,16
27,263.8676758,dark,16
28,262.8022461,dark,16
29,266.7246094,dark,16
30,265.7768555,dark,16
31,264.1308594,dark,16
32,265.4067383,dark,16
0,712.0386449,activated,16
1,734.5864546,activated,16
2,780.0178361,activated,16
3,822.5975963,activated,16
4,857.9023543,activated,16
5,893.4672918,activated,16
6,927.6176677,activated,16
7,958.5972015,activated,16
8,979.5195111,activated,16
9,999.1300374,activated,16
10,1017.949389,activated,16
11,1033.232415,activated,16
12,1045.379133,activated,16
13,1057.624588,activated,16
14,1063.745487,activated,16
15,1070.488234,activated,16
16,1101.25035,activated,16
17,1113.012245,activated,16
18,1123.839452,activated,16
19,1120.806468,activated,16
20,1117.577217,activated,16
21,1121.641821,activated,16
22,1118.014631,activated,16
23,1128.772329,activated,16
24,1138.570912,activated,16
25,1138.224496,activated,16
26,1139.05824,activated,16
27,1134.234592,activated,16
28,1130.473127,activated,16
29,1127.93942,activated,16
30,1124.769327,activated,16
31,1125.330223,activated,16
32,1120.748077,activated,16
0,251.5253906,dark,17
1,253.8408203,dark,17
2,254.9316406,dark,17
3,256.7651367,dark,17
4,252.8359375,dark,17
5,259.9155273,dark,17
6,253.7124023,dark,17
7,255.2539063,dark,17
8,260.6542969,dark,17
9,258.3364258,dark,17
10,256.4125977,dark,17
11,265.3959961,dark,17
12,258.2763672,dark,17
13,258.2724609,dark,17
14,254.9853516,dark,17
15,262.590332,dark,17
16,257.6293945,dark,17
17,256.7949219,dark,17
18,256.8105469,dark,17
19,256.2900391,dark,17
20,253.7983398,dark,17
21,258.7407227,dark,17
22,260.3867188,dark,17
23,260.3041992,dark,17
24,256.7358398,dark,17
25,255.5522461,dark,17
26,260.5795898,dark,17
27,260.3886719,dark,17
28,260.6254883,dark,17
29,262.5004883,dark,17
30,262.1464844,dark,17
31,260.2050781,dark,17
32,259.2509766,dark,17
33,257.4526367,dark,17
34,258.8188477,dark,17
35,263.1269531,dark,17
0,747.2127791,activated,17
1,776.2670479,activated,17
2,818.2633553,activated,17
3,861.0948878,activated,17
4,897.5380265,activated,17
5,930.9968473,activated,17
6,951.4347142,activated,17
7,972.6402415,activated,17
8,988.2666299,activated,17
9,1007.414039,activated,17
10,1014.966267,activated,17
11,1024.989323,activated,17
12,1036.579023,activated,17
13,1035.271368,activated,17
14,1039.213963,activated,17
15,1049.708671,activated,17
16,1044.987773,activated,17
17,1052.723122,activated,17
18,1050.592748,activated,17
19,1051.648724,activated,17
20,1049.850193,activated,17
21,1050.084977,activated,17
22,1054.210863,activated,17
23,1055.797265,activated,17
24,1053.227288,activated,17
25,1062.617575,activated,17
26,1058.801144,activated,17
27,1060.188336,activated,17
28,1060.006091,activated,17
29,1062.172677,activated,17
30,1067.037257,activated,17
31,1072.352501,activated,17
32,1065.824734,activated,17
33,1062.903167,activated,17
34,1061.157779,activated,17
35,1063.628148,activated,17
0,278.7519531,dark,18
1,278.5170898,dark,18
2,280.1455078,dark,18
3,276.1206055,dark,18
4,273.3198242,dark,18
5,277.3833008,dark,18
6,283.2719727,dark,18
7,281.8491211,dark,18
8,286.1748047,dark,18
9,284.6787109,dark,18
10,288.9995117,dark,18
11,282.8857422,dark,18
12,289.6831055,dark,18
13,286.6118164,dark,18
14,288.1499023,dark,18
15,291.1796875,dark,18
16,288.074707,dark,18
17,286.4291992,dark,18
18,287.2099609,dark,18
19,288.2006836,dark,18
20,288.8295898,dark,18
21,296.5541992,dark,18
22,288.0556641,dark,18
23,289.534668,dark,18
24,292.9506836,dark,18
25,291.3588867,dark,18
26,294.6279297,dark,18
27,289.8017578,dark,18
28,289.4052734,dark,18
29,291.2280273,dark,18
30,290.2358398,dark,18
31,291.0078125,dark,18
32,291.9208984,dark,18
33,291.4755859,dark,18
0,875.8005748,activated,18
1,920.8199959,activated,18
2,994.7938166,activated,18
3,1066.908497,activated,18
4,1124.9861,activated,18
5,1172.564879,activated,18
6,1207.802537,activated,18
7,1238.208256,activated,18
8,1257.335483,activated,18
9,1271.020408,activated,18
10,1283.120318,activated,18
11,1294.2224,activated,18
12,1310.09386,activated,18
13,1317.957732,activated,18
14,1325.255198,activated,18
15,1325.818109,activated,18
16,1333.658008,activated,18
17,1344.357001,activated,18
18,1336.357976,activated,18
19,1342.972538,activated,18
20,1341.361262,activated,18
21,1366.558568,activated,18
22,1378.369216,activated,18
23,1371.420501,activated,18
24,1372.404836,activated,18
25,1364.0984,activated,18
26,1363.981287,activated,18
27,1356.414393,activated,18
28,1356.621262,activated,18
29,1351.373763,activated,18
30,1356.498911,activated,18
31,1358.973246,activated,18
32,1353.96517,activated,18
33,1356.332308,activated,18
0,271.309082,dark,19
1,273.6455078,dark,19
2,270.1953125,dark,19
3,269.4541016,dark,19
4,267.1186523,dark,19
5,275.6274414,dark,19
6,273.5517578,dark,19
7,274.4345703,dark,19
8,276.1621094,dark,19
9,273.7666016,dark,19
10,270.3837891,dark,19
11,275.5668945,dark,19
12,277.9287109,dark,19
13,276.5810547,dark,19
14,276.5439453,dark,19
15,275.9711914,dark,19
16,277.1342773,dark,19
17,268.2587891,dark,19
18,272.9086914,dark,19
19,274.9541016,dark,19
20,276.9916992,dark,19
21,276.8857422,dark,19
22,276.9389648,dark,19
23,273.7236328,dark,19
24,270.7978516,dark,19
25,275.3427734,dark,19
26,278.0302734,dark,19
27,272.7475586,dark,19
28,269.8105469,dark,19
29,282.8364258,dark,19
30,277.2670898,dark,19
31,278.2456055,dark,19
32,278.8999023,dark,19
33,279.2333984,dark,19
0,882.823944,activated,19
1,932.8048654,activated,19
2,1033.992963,activated,19
3,1115.701367,activated,19
4,1168.579319,activated,19
5,1206.295184,activated,19
6,1223.405568,activated,19
7,1238.68334,activated,19
8,1253.97713,activated,19
9,1266.092484,activated,19
10,1265.772781,activated,19
11,1277.683688,activated,19
12,1290.167434,activated,19
13,1292.955456,activated,19
14,1295.040491,activated,19
15,1295.19222,activated,19
16,1296.701327,activated,19
17,1299.211287,activated,19
18,1296.816733,activated,19
19,1302.601068,activated,19
20,1300.325735,activated,19
21,1300.155677,activated,19
22,1304.501826,activated,19
23,1312.776666,activated,19
24,1310.350173,activated,19
25,1311.11367,activated,19
26,1309.727309,activated,19
27,1309.543664,activated,19
28,1308.499869,activated,19
29,1309.437472,activated,19
30,1309.753006,activated,19
31,1303.568468,activated,19
32,1308.661852,activated,19
33,1299.429251,activated,19
0,318.3618164,dark,20
1,322.8422852,dark,20
2,316.1982422,dark,20
3,315.3535156,dark,20
4,321.4111328,dark,20
5,320.5839844,dark,20
6,324.9204102,dark,20
7,326.5825195,dark,20
8,325.8901367,dark,20
9,322.9848633,dark,20
10,326.8193359,dark,20
11,324.6630859,dark,20
12,318.4931641,dark,20
13,317.8417969,dark,20
14,331.3867188,dark,20
15,323.1713867,dark,20
16,325.4291992,dark,20
17,323.0507813,dark,20
18,323.1196289,dark,20
19,326.4018555,dark,20
20,328.3496094,dark,20
21,325.9384766,dark,20
22,324.9775391,dark,20
23,323.378418,dark,20
24,323.8325195,dark,20
0,953.7095538,activated,20
1,1033.067919,activated,20
2,1142.454048,activated,20
3,1237.518936,activated,20
4,1312.758208,activated,20
5,1400.573815,activated,20
6,1458.681128,activated,20
7,1483.601155,activated,20
8,1497.805278,activated,20
9,1505.373246,activated,20
10,1507.771794,activated,20
11,1514.651168,activated,20
12,1510.795994,activated,20
13,1506.990931,activated,20
14,1512.931175,activated,20
15,1505.930705,activated,20
16,1510.712317,activated,20
17,1508.049467,activated,20
18,1503.722815,activated,20
19,1506.432514,activated,20
20,1507.049212,activated,20
21,1503.555038,activated,20
22,1495.943896,activated,20
23,1504.227811,activated,20
24,1496.689523,activated,20
0,241.3886719,dark,21
1,243.7514648,dark,21
2,247.5336914,dark,21
3,250.980957,dark,21
4,249.7080078,dark,21
5,251.1860352,dark,21
6,248.7041016,dark,21
7,253.6948242,dark,21
8,258.0317383,dark,21
9,252.9174805,dark,21
10,256.5512695,dark,21
11,256.9501953,dark,21
12,258.3476563,dark,21
13,254.362793,dark,21
14,255.7963867,dark,21
15,254.8666992,dark,21
16,253.918457,dark,21
17,259.1191406,dark,21
18,256.8691406,dark,21
19,256.8183594,dark,21
20,256.1074219,dark,21
21,260.9130859,dark,21
22,255.8598633,dark,21
0,739.4916655,activated,21
1,803.0275438,activated,21
2,895.3433158,activated,21
3,971.8589311,activated,21
4,1028.013,activated,21
5,1072.093187,activated,21
6,1101.61491,activated,21
7,1122.54194,activated,21
8,1139.164874,activated,21
9,1151.058281,activated,21
10,1159.798212,activated,21
11,1170.312648,activated,21
12,1173.910651,activated,21
13,1175.609452,activated,21
14,1178.290069,activated,21
15,1173.56258,activated,21
16,1177.024827,activated,21
17,1179.51169,activated,21
18,1183.861346,activated,21
19,1183.927071,activated,21
20,1180.331727,activated,21
21,1182.847818,activated,21
22,1185.545586,activated,21
0,246.925293,dark,22
1,247.1074219,dark,22
2,257.034668,dark,22
3,260.03125,dark,22
4,260.7338867,dark,22
5,262.734375,dark,22
6,263.9995117,dark,22
7,263.4995117,dark,22
8,263.3198242,dark,22
9,262.0371094,dark,22
10,263.3198242,dark,22
11,271.6123047,dark,22
12,269.2099609,dark,22
13,263.7426758,dark,22
14,266.3652344,dark,22
15,269.3442383,dark,22
16,270.2041016,dark,22
17,271.1938477,dark,22
18,266.7177734,dark,22
19,271.7875977,dark,22
0,734.8483293,activated,22
1,840.7152611,activated,22
2,975.0573112,activated,22
3,1049.413824,activated,22
4,1120.405133,activated,22
5,1164.65388,activated,22
6,1195.880239,activated,22
7,1201.575075,activated,22
8,1225.607757,activated,22
9,1231.101768,activated,22
10,1239.576619,activated,22
11,1244.786141,activated,22
12,1244.25896,activated,22
13,1245.394229,activated,22
14,1246.685685,activated,22
15,1241.421378,activated,22
16,1249.199013,activated,22
17,1249.104886,activated,22
18,1252.7588,activated,22
19,1259.955462,activated,22
0,248.7207031,dark,23
1,251.9418945,dark,23
2,258.5175781,dark,23
3,255.6445313,dark,23
4,262.2304688,dark,23
5,261.5839844,dark,23
6,260.5336914,dark,23
7,264.2514648,dark,23
8,268.1049805,dark,23
9,269.1894531,dark,23
10,265.4990234,dark,23
11,270.5771484,dark,23
12,265.8754883,dark,23
13,268.9975586,dark,23
14,274.7729492,dark,23
15,272.7773438,dark,23
16,271.1459961,dark,23
17,267.4047852,dark,23
18,270.8818359,dark,23
19,273.3110352,dark,23
0,788.3788603,activated,23
1,895.9317328,activated,23
2,1025.752042,activated,23
3,1126.695555,activated,23
4,1198.567788,activated,23
5,1248.319401,activated,23
6,1277.863698,activated,23
7,1300.123993,activated,23
8,1312.465846,activated,23
9,1329.408663,activated,23
10,1327.721903,activated,23
11,1332.96906,activated,23
12,1337.33355,activated,23
13,1333.516399,activated,23
14,1350.330287,activated,23
15,1343.980579,activated,23
16,1338.73434,activated,23
17,1347.960246,activated,23
18,1351.377124,activated,23
19,1352.131338,activated,23
0,419.7099609,dark,24
1,424.5029297,dark,24
2,439.847168,dark,24
3,446.6166992,dark,24
4,445.6181641,dark,24
5,449.5869141,dark,24
6,444.394043,dark,24
7,447.7402344,dark,24
8,446.5874023,dark,24
9,453.6972656,dark,24
10,444.6708984,dark,24
11,453.5893555,dark,24
12,462.8125,dark,24
13,470.7509766,dark,24
14,457.074707,dark,24
15,464.3461914,dark,24
16,470.2519531,dark,24
17,462.4008789,dark,24
0,1059.164171,activated,24
1,1279.525427,activated,24
2,1508.430894,activated,24
3,1649.309275,activated,24
4,1729.581932,activated,24
5,1767.444927,activated,24
6,1810.734113,activated,24
7,1828.041234,activated,24
8,1839.599936,activated,24
9,1845.333614,activated,24
10,1846.693129,activated,24
11,1853.200795,activated,24
12,1862.576073,activated,24
13,1862.280141,activated,24
14,1859.820617,activated,24
15,1861.724499,activated,24
16,1867.601155,activated,24
17,1865.171922,activated,24
0,485.4428711,dark,25
1,468.0048828,dark,25
2,481.7070313,dark,25
3,496.0810547,dark,25
4,498.1850586,dark,25
5,487.3842773,dark,25
6,509.012207,dark,25
7,511.7661133,dark,25
8,505.5209961,dark,25
9,519.0019531,dark,25
10,512.2387695,dark,25
11,520.6567383,dark,25
12,514.1572266,dark,25
13,516.0742188,dark,25
14,525.3686523,dark,25
15,519.5561523,dark,25
16,520.1420898,dark,25
0,1092.674375,activated,25
1,1316.020536,activated,25
2,1546.378349,activated,25
3,1717.442663,activated,25
4,1813.099776,activated,25
5,1857.921375,activated,25
6,1902.380138,activated,25
7,1920.664917,activated,25
8,1925.80061,activated,25
9,1949.602415,activated,25
10,1954.724046,activated,25
11,1964.925311,activated,25
12,1957.533684,activated,25
13,1964.480744,activated,25
14,1967.13632,activated,25
15,1966.039487,activated,25
16,1969.612483,activated,25
0,472.2299805,dark,26
1,483.7783203,dark,26
2,490.0693359,dark,26
3,493.8881836,dark,26
4,497.706543,dark,26
5,510.4985352,dark,26
6,513.3256836,dark,26
7,523.7954102,dark,26
8,517.9941406,dark,26
9,534.9970703,dark,26
10,533.9677734,dark,26
11,535.987793,dark,26
12,534.9189453,dark,26
13,542.4667969,dark,26
14,539.7827148,dark,26
0,1280.195901,activated,26
1,1598.903945,activated,26
2,1866.014898,activated,26
3,2005.835922,activated,26
4,2078.125381,activated,26
5,2118.847493,activated,26
6,2141.231562,activated,26
7,2149.28727,activated,26
8,2155.664151,activated,26
9,2163.509252,activated,26
10,2170.112079,activated,26
11,2171.49573,activated,26
12,2176.68961,activated,26
13,2184.889,activated,26
14,2172.599147,activated,26
0,395.8007813,dark,27
1,401.1928711,dark,27
2,417.0058594,dark,27
3,429.7397461,dark,27
4,429.0898438,dark,27
5,435.3740234,dark,27
6,437.6611328,dark,27
7,431.2612305,dark,27
8,454.6923828,dark,27
9,454.9208984,dark,27
10,452.1347656,dark,27
11,447.6787109,dark,27
12,469.0737305,dark,27
13,459.4804688,dark,27
14,463.3266602,dark,27
15,462.4882813,dark,27
0,1001.869695,activated,27
1,1307.10686,activated,27
2,1575.048097,activated,27
3,1714.855308,activated,27
4,1784.100973,activated,27
5,1822.71684,activated,27
6,1849.273057,activated,27
7,1849.7673,activated,27
8,1870.325474,activated,27
9,1869.375429,activated,27
10,1874.744431,activated,27
11,1866.068012,activated,27
12,1875.029762,activated,27
13,1878.433181,activated,27
14,1885.89721,activated,27
15,1885.720347,activated,27
0,495.0366211,dark,28
1,494.8183594,dark,28
2,527.5688477,dark,28
3,538.2460938,dark,28
4,496.3085938,dark,28
5,514.9428711,dark,28
6,535.0898438,dark,28
7,535.5932617,dark,28
8,544.1796875,dark,28
9,549.7255859,dark,28
10,546.6616211,dark,28
11,560.9716797,dark,28
12,559.2333984,dark,28
13,573.6801758,dark,28
0,1142.283096,activated,28
1,1522.229164,activated,28
2,1663.398345,activated,28
3,1846.734212,activated,28
4,2048.824827,activated,28
5,2097.334653,activated,28
6,2127.142869,activated,28
7,2138.737219,activated,28
8,2151.546799,activated,28
9,2171.667251,activated,28
10,2167.789863,activated,28
11,2177.505373,activated,28
12,2178.235126,activated,28
13,2187.112358,activated,28
0,370.621582,dark,29
1,379.171875,dark,29
2,401.7661133,dark,29
3,408.1572266,dark,29
4,421.5400391,dark,29
5,427.3847656,dark,29
6,425.1455078,dark,29
7,436.2353516,dark,29
8,436.7197266,dark,29
9,446.171875,dark,29
10,446.8212891,dark,29
11,436.237793,dark,29
12,446.015625,dark,29
13,450.2890625,dark,29
14,443.8398438,dark,29
15,451.3759766,dark,29
16,448.2089844,dark,29
17,445.4760742,dark,29
0,1064.311348,activated,29
1,1421.471733,activated,29
2,1646.856626,activated,29
3,1745.090063,activated,29
4,1783.029704,activated,29
5,1814.858345,activated,29
6,1825.22161,activated,29
7,1837.844701,activated,29
8,1844.881633,activated,29
9,1849.511992,activated,29
10,1853.65345,activated,29
11,1859.724179,activated,29
12,1863.354759,activated,29
13,1867.772294,activated,29
14,1865.227044,activated,29
15,1870.118257,activated,29
16,1858.694116,activated,29
17,1858.251441,activated,29
0,306.9785156,dark,30
1,311.1850586,dark,30
2,323.487793,dark,30
3,326.0048828,dark,30
4,327.3730469,dark,30
5,345.9638672,dark,30
6,350.9316406,dark,30
7,360.3789063,dark,30
8,362.8549805,dark,30
9,357.9287109,dark,30
10,370.1479492,dark,30
11,364.5615234,dark,30
12,381.644043,dark,30
13,367.6972656,dark,30
14,371.0600586,dark,30
15,371.8759766,dark,30
16,374.4760742,dark,30
17,364.9008789,dark,30
18,370.0463867,dark,30
19,380.6948242,dark,30
0,860.3108079,activated,30
1,1108.70124,activated,30
2,1313.74907,activated,30
3,1394.555346,activated,30
4,1433.792139,activated,30
5,1462.927291,activated,30
6,1479.771214,activated,30
7,1487.02449,activated,30
8,1494.645943,activated,30
9,1488.869968,activated,30
10,1497.845833,activated,30
11,1502.795233,activated,30
12,1500.963898,activated,30
13,1499.400708,activated,30
14,1498.314042,activated,30
15,1509.913984,activated,30
16,1501.4304,activated,30
17,1497.502029,activated,30
18,1502.291619,activated,30
19,1500.027979,activated,30
0,349.1713867,dark,31
1,363.0629883,dark,31
2,369.3911133,dark,31
3,388.1967773,dark,31
4,404.9755859,dark,31
5,408.5507813,dark,31
6,421.5185547,dark,31
7,427.3701172,dark,31
8,426.3862305,dark,31
9,430.5825195,dark,31
10,436.309082,dark,31
11,432.2490234,dark,31
12,448.6772461,dark,31
13,443.1635742,dark,31
14,441.3686523,dark,31
15,441.25,dark,31
16,441.8198242,dark,31
17,453.015625,dark,31
18,441.9916992,dark,31
19,432.8076172,dark,31
0,896.0365083,activated,31
1,1164.720208,activated,31
2,1364.452161,activated,31
3,1469.852068,activated,31
4,1517.68914,activated,31
5,1538.776242,activated,31
6,1555.181682,activated,31
7,1569.082434,activated,31
8,1577.883206,activated,31
9,1583.70308,activated,31
10,1587.251139,activated,31
11,1597.343415,activated,31
12,1597.043586,activated,31
13,1597.904079,activated,31
14,1589.819677,activated,31
15,1595.336621,activated,31
16,1593.492937,activated,31
17,1598.725288,activated,31
18,1592.38282,activated,31
19,1592.291346,activated,31
0,508.1572266,dark,32
1,498.4277344,dark,32
2,510.9765625,dark,32
3,514.5986328,dark,32
4,505.15625,dark,32
5,510.8666992,dark,32
6,504.3959961,dark,32
7,508.6875,dark,32
8,527.4267578,dark,32
9,505.105957,dark,32
10,511.1879883,dark,32
11,506.5722656,dark,32
12,512.7553711,dark,32
13,516.0380859,dark,32
14,509.5410156,dark,32
15,507.315918,dark,32
16,517.2353516,dark,32
17,519.9223633,dark,32
18,516.5742188,dark,32
19,518.5249023,dark,32
20,520.5224609,dark,32
21,514.7543945,dark,32
22,509.5039063,dark,32
23,518.7895508,dark,32
24,514.2705078,dark,32
25,514.2802734,dark,32
26,516.0888672,dark,32
27,518.8442383,dark,32
28,518.7729492,dark,32
29,522.0429688,dark,32
30,502.6904297,dark,32
31,522.9550781,dark,32
32,515.2958984,dark,32
33,509.5297852,dark,32
34,502.4077148,dark,32
35,519.3847656,dark,32
36,515.3852539,dark,32
37,521.8676758,dark,32
38,515.7294922,dark,32
39,519.2456055,dark,32
0,1263.061137,activated,32
1,1271.258513,activated,32
2,1293.885453,activated,32
3,1301.949012,activated,32
4,1309.089285,activated,32
5,1319.140895,activated,32
6,1318.391343,activated,32
7,1334.190269,activated,32
8,1345.239098,activated,32
9,1341.809057,activated,32
10,1350.143647,activated,32
11,1349.815165,activated,32
12,1358.551526,activated,32
13,1360.225059,activated,32
14,1362.280228,activated,32
15,1365.823944,activated,32
16,1367.119987,activated,32
17,1375.040189,activated,32
18,1378.64675,activated,32
19,1376.210892,activated,32
20,1378.185717,activated,32
21,1359.659518,activated,32
22,1368.164485,activated,32
23,1377.041757,activated,32
24,1370.40202,activated,32
25,1373.358806,activated,32
26,1374.280216,activated,32
27,1375.217482,activated,32
28,1372.046529,activated,32
29,1375.562052,activated,32
30,1366.244869,activated,32
31,1375.199001,activated,32
32,1367.227642,activated,32
33,1362.145336,activated,32
34,1360.118182,activated,32
35,1366.603333,activated,32
36,1358.33578,activated,32
37,1367.353465,activated,32
38,1359.940709,activated,32
39,1367.345371,activated,32
0,837.8167641,dark,33
1,874.8499025,dark,33
2,843.1851852,dark,33
3,837.4100065,dark,33
4,836.4548408,dark,33
5,833.8063678,dark,33
6,843.9850552,dark,33
7,831.7394412,dark,33
8,836.1364522,dark,33
9,825.0194932,dark,33
10,826.7024042,dark,33
11,848.0396361,dark,33
12,827.4619883,dark,33
13,827.202729,dark,33
14,821.1364522,dark,33
15,822.6276803,dark,33
16,813.4658869,dark,33
17,818.3671215,dark,33
18,826.0721248,dark,33
19,815.4307992,dark,33
20,813.5880442,dark,33
21,816.128655,dark,33
22,804.3729695,dark,33
23,823.2592593,dark,33
24,819.1234568,dark,33
25,832.8745939,dark,33
26,828.3118908,dark,33
27,810.6978558,dark,33
28,808.6725146,dark,33
29,818.9291748,dark,33
30,801.2404159,dark,33
31,812.5048733,dark,33
32,808.8538012,dark,33
33,813.6790123,dark,33
34,816.9460689,dark,33
35,814.502924,dark,33
36,817.7011046,dark,33
37,814.1182586,dark,33
38,810.6790123,dark,33
39,802.4873294,dark,33
40,827.5471085,dark,33
41,805.3073424,dark,33
42,788.3391813,dark,33
43,821.1851852,dark,33
44,801.814165,dark,33
0,1251.993544,activated,33
1,1269.610282,activated,33
2,1256.317479,activated,33
3,1250.366267,activated,33
4,1245.227364,activated,33
5,1241.386478,activated,33
6,1243.386844,activated,33
7,1232.589178,activated,33
8,1234.819444,activated,33
9,1226.867048,activated,33
10,1226.982454,activated,33
11,1236.818568,activated,33
12,1225.944756,activated,33
13,1220.374599,activated,33
14,1219.064604,activated,33
15,1212.125921,activated,33
16,1213.816263,activated,33
17,1209.968665,activated,33
18,1214.854791,activated,33
19,1206.737841,activated,33
20,1201.539263,activated,33
21,1206.592603,activated,33
22,1197.115029,activated,33
23,1206.677197,activated,33
24,1202.068656,activated,33
25,1209.887886,activated,33
26,1207.588603,activated,33
27,1195.048225,activated,33
28,1198.765948,activated,33
29,1195.70265,activated,33
30,1199.941562,activated,33
31,1195.838366,activated,33
32,1193.604215,activated,33
33,1190.288385,activated,33
34,1193.021343,activated,33
35,1189.366726,activated,33
36,1184.007972,activated,33
37,1185.613749,activated,33
38,1181.439225,activated,33
39,1176.373977,activated,33
40,1186.352443,activated,33
41,1171.686121,activated,33
42,1158.618904,activated,33
43,1183.699103,activated,33
44,1165.544889,activated,33
0,461.0576172,dark,34
1,472.2504883,dark,34
2,486.9868164,dark,34
3,470.0048828,dark,34
4,467.690918,dark,34
5,476.6455078,dark,34
6,482.5517578,dark,34
7,465.956543,dark,34
8,481.2109375,dark,34
9,468.9462891,dark,34
10,488.8964844,dark,34
11,469.9189453,dark,34
12,461.1254883,dark,34
13,458.0288086,dark,34
14,459.2485352,dark,34
15,462.7768555,dark,34
16,471.7202148,dark,34
17,470.6557617,dark,34
18,451.9267578,dark,34
19,465.671875,dark,34
20,447.9643555,dark,34
21,464.0166016,dark,34
22,457.9980469,dark,34
23,462.2016602,dark,34
24,454.6166992,dark,34
25,455.5874023,dark,34
26,447.3134766,dark,34
27,450.9853516,dark,34
28,447.6342773,dark,34
29,437.9365234,dark,34
30,440.5571289,dark,34
31,454.8173828,dark,34
32,445.0737305,dark,34
33,441.4882813,dark,34
34,445.668457,dark,34
35,439.628418,dark,34
36,447.9682617,dark,34
37,446.862793,dark,34
38,448.7709961,dark,34
39,437.3549805,dark,34
40,435.2368164,dark,34
41,428.6933594,dark,34
42,442.8374023,dark,34
43,426.9238281,dark,34
44,433.9311523,dark,34
45,421.6352539,dark,34
46,432.9619141,dark,34
47,434.215332,dark,34
48,440.0898438,dark,34
49,434.890625,dark,34
0,1361.689918,activated,34
1,1360.881424,activated,34
2,1370.887003,activated,34
3,1360.68374,activated,34
4,1355.66645,activated,34
5,1351.025779,activated,34
6,1359.901861,activated,34
7,1346.371173,activated,34
8,1349.442436,activated,34
9,1350.277923,activated,34
10,1345.983023,activated,34
11,1350.087294,activated,34
12,1335.860644,activated,34
13,1324.754167,activated,34
14,1323.421192,activated,34
15,1320.439667,activated,34
16,1323.849961,activated,34
17,1315.321723,activated,34
18,1299.853079,activated,34
19,1309.431236,activated,34
20,1287.839109,activated,34
21,1299.894603,activated,34
22,1290.160229,activated,34
23,1290.945162,activated,34
24,1285.746109,activated,34
25,1290.978018,activated,34
26,1274.852283,activated,34
27,1284.670021,activated,34
28,1272.153825,activated,34
29,1255.679124,activated,34
30,1259.772915,activated,34
31,1270.954382,activated,34
32,1261.464319,activated,34
33,1250.916986,activated,34
34,1256.817697,activated,34
35,1255.85471,activated,34
36,1252.750916,activated,34
37,1251.58084,activated,34
38,1250.123372,activated,34
39,1241.043667,activated,34
40,1233.119558,activated,34
41,1230.92901,activated,34
42,1233.534671,activated,34
43,1224.691567,activated,34
44,1225.513856,activated,34
45,1213.03263,activated,34
46,1221.463297,activated,34
47,1212.317282,activated,34
48,1221.492908,activated,34
49,1221.071077,activated,34
0,327.7988281,dark,35
1,334.4389648,dark,35
2,327.730957,dark,35
3,319.4165039,dark,35
4,324.2670898,dark,35
5,313.8422852,dark,35
6,321.5957031,dark,35
7,326.8920898,dark,35
8,319.3383789,dark,35
9,321.5722656,dark,35
10,327.0087891,dark,35
11,322.6816406,dark,35
12,325.4072266,dark,35
13,321.5766602,dark,35
14,322.8188477,dark,35
15,316.2910156,dark,35
16,324.7744141,dark,35
17,311.4624023,dark,35
18,316.637207,dark,35
19,327.921875,dark,35
20,316.940918,dark,35
21,323.918457,dark,35
22,316.3417969,dark,35
23,324.4272461,dark,35
24,315.1821289,dark,35
25,330.0786133,dark,35
26,319.0952148,dark,35
27,322.456543,dark,35
28,319.5517578,dark,35
29,322.2797852,dark,35
30,318.6489258,dark,35
31,314.465332,dark,35
32,320.1396484,dark,35
33,314.9130859,dark,35
34,313.7753906,dark,35
35,317.7939453,dark,35
36,322.5200195,dark,35
37,314.7670898,dark,35
38,325.2397461,dark,35
39,311.1074219,dark,35
40,322.7910156,dark,35
41,328.8300781,dark,35
42,326.5537109,dark,35
43,312.5708008,dark,35
44,326.2895508,dark,35
45,318.3618164,dark,35
0,1104.157181,activated,35
1,1104.940192,activated,35
2,1094.772625,activated,35
3,1083.177554,activated,35
4,1084.784933,activated,35
5,1076.418469,activated,35
6,1074.19539,activated,35
7,1069.792783,activated,35
8,1065.804041,activated,35
9,1064.725462,activated,35
10,1067.19989,activated,35
11,1065.099173,activated,35
12,1060.741237,activated,35
13,1058.668697,activated,35
14,1059.421703,activated,35
15,1057.561553,activated,35
16,1059.113606,activated,35
17,1051.179934,activated,35
18,1052.681923,activated,35
19,1053.490847,activated,35
20,1049.797898,activated,35
21,1051.821093,activated,35
22,1045.277865,activated,35
23,1044.190455,activated,35
24,1035.100729,activated,35
25,1038.406398,activated,35
26,1032.908857,activated,35
27,1030.942549,activated,35
28,1028.495364,activated,35
29,1020.936685,activated,35
30,1015.494394,activated,35
31,1011.671896,activated,35
32,1015.306453,activated,35
33,1005.099225,activated,35
34,1003.313833,activated,35
35,1005.007885,activated,35
36,1007.357959,activated,35
37,998.1630679,activated,35
38,1002.608099,activated,35
39,1000.967486,activated,35
40,1006.455035,activated,35
41,1007.333724,activated,35
42,1012.808471,activated,35
43,1006.073231,activated,35
44,1005.905373,activated,35
45,1006.867942,activated,35